Class,0,1,2,3,4,5,6,7,8,9,10,11,12,13,14,15,16,17,18,19,20,21,22,23,24,25,26,27,28,29,30,31,32,33,34,35,36,37,38,39,40,41,42,43,44,45,46,47,48,49,50,51,52,53,54,55,56,57,58,59,60,61,62,63,64,65,66,67,68,69,70,71,72,73,74,75,76,77,78,79,80,81,82,83,84,85,86,87,88,89,90,session_id,event_time,event_type,product_id,91,92,93,94,95,96,97,98,99,100,101,102,103,104,105,106,107,108,109,110,111,112,113,114,115,116,117,118,119
high-end meat and seafood connoisseur,"[206787412211, datetime.datetime(2024, 2, 1, 19, 36, 53, 116000), 'load', '澎湖活凍野生明蝦']","[206787412211, datetime.datetime(2024, 2, 1, 19, 41, 54, 701000), 'load', '澎湖活凍野生明蝦']","[206787412211, datetime.datetime(2024, 2, 1, 19, 42, 12, 512000), 'purchase', '澎湖活凍野生明蝦']",,,,,,,,,,,,,,,,,,,,,,,,,,,,,,,,,,,,,,,,,,,,,,,,,,,,,,,,,,,,,,,,,,,,,,,,,,,,,,,,,,,,,,,,,,,,,,,,,,,,,,,,,,,,,,,,,,,,,,,,,
high-end meat and seafood connoisseur,"[202304461943, datetime.datetime(2023, 12, 11, 22, 21, 3, 131000), 'load', '宜蘭招牌西魯肉']","[202304461943, datetime.datetime(2023, 12, 11, 22, 22, 12, 808000), 'load', '宜蘭招牌西魯肉']","[202304461943, datetime.datetime(2023, 12, 11, 22, 23, 43, 375000), 'load', '宜蘭招牌西魯肉']","[202304461943, datetime.datetime(2023, 12, 11, 22, 24, 36, 861000), 'load', '聖凱招牌牛肉麵6入自由選']","[202304461943, datetime.datetime(2023, 12, 11, 22, 25, 57, 894000), 'load', '聖凱招牌牛肉麵3入自由選']","[202304461943, datetime.datetime(2023, 12, 11, 22, 59, 3, 658000), 'load', '宜蘭招牌西魯肉']","[202304461943, datetime.datetime(2023, 12, 11, 23, 0, 57, 897000), 'load', '台灣極鮮白蝦']","[202304461943, datetime.datetime(2023, 12, 11, 23, 1, 45, 280000), 'load', '超大無毒白蝦仁 150g']","[202304461943, datetime.datetime(2023, 12, 11, 23, 3, 16, 309000), 'load', '北海道嚴選鮮甜干貝']","[202304461943, datetime.datetime(2023, 12, 11, 23, 7, 18, 583000), 'purchase', '宜蘭招牌西魯肉']","[202304461943, datetime.datetime(2023, 12, 11, 23, 7, 18, 583000), 'purchase', '超大無毒白蝦仁 150g']",,,,,,,,,,,,,,,,,,,,,,,,,,,,,,,,,,,,,,,,,,,,,,,,,,,,,,,,,,,,,,,,,,,,,,,,,,,,,,,,,,,,,,,,,,,,,,,,,,,,,,,,,,,,,,,,,
seasonal fruit and vegetable buyer,"[205282232852, datetime.datetime(2024, 1, 15, 9, 30, 35, 726000), 'load', '特選智利鮮採櫻桃']","[205282232852, datetime.datetime(2024, 1, 15, 9, 34, 16, 214000), 'load', '特選智利鮮採櫻桃(1KG/箱)']","[205282232852, datetime.datetime(2024, 1, 15, 9, 42, 1, 238000), 'purchase', '特選智利鮮採櫻桃(1KG/箱)']",,,,,,,,,,,,,,,,,,,,,,,,,,,,,,,,,,,,,,,,,,,,,,,,,,,,,,,,,,,,,,,,,,,,,,,,,,,,,,,,,,,,,,,,,,,,,,,,,,,,,,,,,,,,,,,,,,,,,,,,,
luxury seafood enthusiast,"[208342514655, datetime.datetime(2024, 2, 19, 19, 35, 36, 230000), 'load', '醬漬一口鮑單入自由選']","[208342514655, datetime.datetime(2024, 2, 19, 19, 39, 56, 387000), 'purchase', '醬漬一口鮑單入自由選']",,,,,,,,,,,,,,,,,,,,,,,,,,,,,,,,,,,,,,,,,,,,,,,,,,,,,,,,,,,,,,,,,,,,,,,,,,,,,,,,,,,,,,,,,,,,,,,,,,,,,,,,,,,,,,,,,,,,,,,,,,
frugal meat lover,"[209962650435, datetime.datetime(2024, 3, 9, 13, 37, 45, 434000), 'load', '聖凱招牌牛肉麵3入自由選']","[209962650435, datetime.datetime(2024, 3, 9, 13, 41, 22, 866000), 'purchase', '聖凱招牌牛肉麵3入自由選']",,,,,,,,,,,,,,,,,,,,,,,,,,,,,,,,,,,,,,,,,,,,,,,,,,,,,,,,,,,,,,,,,,,,,,,,,,,,,,,,,,,,,,,,,,,,,,,,,,,,,,,,,,,,,,,,,,,,,,,,,,
high-end meat and seafood connoisseur,"[202397099601, datetime.datetime(2023, 12, 13, 0, 6, 12, 689000), 'load', '西班牙手切伊比利松阪豬']","[202397099601, datetime.datetime(2023, 12, 13, 0, 6, 39, 217000), 'load', '西班牙頂級霜降松阪豬']","[202397099601, datetime.datetime(2023, 12, 13, 0, 6, 51, 145000), 'load', '西班牙手切伊比利松阪豬']","[202397099601, datetime.datetime(2023, 12, 13, 0, 11, 5, 952000), 'purchase', '西班牙頂級霜降松阪豬']","[202397099601, datetime.datetime(2023, 12, 13, 0, 11, 5, 952000), 'purchase', '西班牙手切伊比利松阪豬']",,,,,,,,,,,,,,,,,,,,,,,,,,,,,,,,,,,,,,,,,,,,,,,,,,,,,,,,,,,,,,,,,,,,,,,,,,,,,,,,,,,,,,,,,,,,,,,,,,,,,,,,,,,,,,,,,,,,,,,
seasonal fruit and vegetable buyer,"[201655583370, datetime.datetime(2023, 12, 4, 10, 6, 24, 915000), 'load', '橙蜜香小蕃茄']","[201655583370, datetime.datetime(2023, 12, 4, 10, 7, 19, 634000), 'load', '橙蜜香小蕃茄']","[201655583370, datetime.datetime(2023, 12, 4, 10, 8, 11, 177000), 'purchase', '橙蜜香小蕃茄']",,,,,,,,,,,,,,,,,,,,,,,,,,,,,,,,,,,,,,,,,,,,,,,,,,,,,,,,,,,,,,,,,,,,,,,,,,,,,,,,,,,,,,,,,,,,,,,,,,,,,,,,,,,,,,,,,,,,,,,,,
high-end meat and seafood connoisseur,"[204201329949, datetime.datetime(2024, 1, 2, 21, 15, 48, 468000), 'load', '醬漬一口鮑單入自由選']","[204201329949, datetime.datetime(2024, 1, 2, 21, 24, 28, 636000), 'purchase', '台南無刺虱目魚肚']","[204201329949, datetime.datetime(2024, 1, 2, 21, 24, 28, 636000), 'purchase', '優鮮原味雞塊']","[204201329949, datetime.datetime(2024, 1, 2, 21, 24, 28, 636000), 'purchase', '超大無毒白蝦仁 150g']","[204201329949, datetime.datetime(2024, 1, 2, 21, 24, 28, 636000), 'purchase', '蒜香鹽酥杏鮑菇']","[204201329949, datetime.datetime(2024, 1, 2, 21, 24, 28, 636000), 'purchase', '黃金香酥旗魚塊']","[204201329949, datetime.datetime(2024, 1, 2, 21, 24, 28, 636000), 'purchase', '輕采養生藜麥毛豆']","[204201329949, datetime.datetime(2024, 1, 2, 21, 24, 28, 636000), 'purchase', '美式酥炸洋蔥圈']","[204201329949, datetime.datetime(2024, 1, 2, 21, 24, 28, 636000), 'purchase', '醬漬一口鮑單入自由選']",,,,,,,,,,,,,,,,,,,,,,,,,,,,,,,,,,,,,,,,,,,,,,,,,,,,,,,,,,,,,,,,,,,,,,,,,,,,,,,,,,,,,,,,,,,,,,,,,,,,,,,,,,,,,,,,,,,
luxury seafood enthusiast,"[201228131329, datetime.datetime(2023, 11, 29, 11, 22, 13, 234000), 'load', '鮮凍智利鮭魚']","[201228131329, datetime.datetime(2023, 11, 29, 11, 39, 3, 783000), 'purchase', '鮮凍智利鮭魚']",,,,,,,,,,,,,,,,,,,,,,,,,,,,,,,,,,,,,,,,,,,,,,,,,,,,,,,,,,,,,,,,,,,,,,,,,,,,,,,,,,,,,,,,,,,,,,,,,,,,,,,,,,,,,,,,,,,,,,,,,,
community event shopper,"[205058030282, datetime.datetime(2024, 1, 12, 19, 17, 55, 903000), 'load', '喜迎春富賀歲宴']","[205058030282, datetime.datetime(2024, 1, 12, 19, 38, 40, 545000), 'load', '招牌紅燒牛肉湯']","[205058030282, datetime.datetime(2024, 1, 12, 19, 39, 50, 248000), 'load', '招牌紅燒牛肉湯']","[205058030282, datetime.datetime(2024, 1, 12, 19, 40, 13, 877000), 'load', '豐禾小團聚']","[205058030282, datetime.datetime(2024, 1, 12, 19, 41, 25, 900000), 'load', '喜迎春富賀歲宴']","[205058030282, datetime.datetime(2024, 1, 12, 19, 47, 45, 304000), 'load', '招牌香滷牛筋8入自由選']","[205058030282, datetime.datetime(2024, 1, 12, 19, 54, 4, 879000), 'load', '人氣手打漿5入自由選']","[205058030282, datetime.datetime(2024, 1, 12, 19, 58, 26, 330000), 'load', '綜合水果脆片']","[205058030282, datetime.datetime(2024, 1, 12, 20, 2, 26, 205000), 'purchase', '喜迎春富賀歲宴']","[205058030282, datetime.datetime(2024, 1, 12, 20, 2, 26, 205000), 'purchase', '綜合水果脆片']",,,,,,,,,,,,,,,,,,,,,,,,,,,,,,,,,,,,,,,,,,,,,,,,,,,,,,,,,,,,,,,,,,,,,,,,,,,,,,,,,,,,,,,,,,,,,,,,,,,,,,,,,,,,,,,,,,
high-end meat and seafood connoisseur,"[205671955036, datetime.datetime(2024, 1, 19, 21, 45, 56, 524000), 'load', '美國安格斯帶骨牛小排']","[205671955036, datetime.datetime(2024, 1, 19, 21, 48, 33, 471000), 'load', '美國頂級無骨牛小排']","[205671955036, datetime.datetime(2024, 1, 19, 21, 49, 42, 298000), 'load', '家庭號優鮮原味雞塊']","[205671955036, datetime.datetime(2024, 1, 19, 21, 50, 38, 714000), 'load', '橙蜜香小蕃茄']","[205671955036, datetime.datetime(2024, 1, 19, 21, 51, 50, 368000), 'load', '日式梅花燒肉片']","[205671955036, datetime.datetime(2024, 1, 19, 21, 53, 19, 266000), 'load', '聖凱招牌牛肉麵20入自由選']","[205671955036, datetime.datetime(2024, 1, 19, 21, 54, 47, 552000), 'load', '招牌紅燒牛肉湯']","[205671955036, datetime.datetime(2024, 1, 19, 21, 56, 31, 173000), 'load', '小資黃金雞湯涮涮鍋']","[205671955036, datetime.datetime(2024, 1, 19, 22, 0, 3, 373000), 'load', '鮮凍青花菜']","[205671955036, datetime.datetime(2024, 1, 19, 22, 3, 36, 92000), 'load', '西井村超夯滷味4入自由選']","[205671955036, datetime.datetime(2024, 1, 19, 22, 8, 52, 224000), 'purchase', '美國安格斯帶骨牛小排']","[205671955036, datetime.datetime(2024, 1, 19, 22, 8, 52, 224000), 'purchase', '家庭號優鮮原味雞塊']","[205671955036, datetime.datetime(2024, 1, 19, 22, 8, 52, 224000), 'purchase', '日式梅花燒肉片']","[205671955036, datetime.datetime(2024, 1, 19, 22, 8, 52, 224000), 'purchase', '招牌紅燒牛肉湯']","[205671955036, datetime.datetime(2024, 1, 19, 22, 8, 52, 224000), 'purchase', '鮮凍青花菜']","[205671955036, datetime.datetime(2024, 1, 19, 22, 8, 52, 224000), 'purchase', '小資黃金雞湯涮涮鍋']","[205671955036, datetime.datetime(2024, 1, 19, 22, 8, 52, 224000), 'purchase', '西井村超夯滷味4入自由選']",,,,,,,,,,,,,,,,,,,,,,,,,,,,,,,,,,,,,,,,,,,,,,,,,,,,,,,,,,,,,,,,,,,,,,,,,,,,,,,,,,,,,,,,,,,,,,,,,,,,,,,,,,,
high-end meat and seafood connoisseur,"[211677630932, datetime.datetime(2024, 3, 29, 10, 8, 11, 413000), 'load', '金目鱸魚清肉排']","[211677630932, datetime.datetime(2024, 3, 29, 10, 15, 37, 500000), 'purchase', '金目鱸魚清肉排']","[211677630932, datetime.datetime(2024, 3, 29, 10, 15, 37, 500000), 'purchase', '鮮凍智利鮭魚清肉排']","[211677630932, datetime.datetime(2024, 3, 29, 10, 15, 37, 500000), 'purchase', '特選煙燻雞肉片']","[211677630932, datetime.datetime(2024, 3, 29, 10, 15, 37, 500000), 'purchase', '日式梅花燒肉片']","[211677630932, datetime.datetime(2024, 3, 29, 10, 15, 37, 500000), 'purchase', '鮮凍毛豆仁']","[211677630932, datetime.datetime(2024, 3, 29, 10, 15, 37, 500000), 'purchase', '黃金手工花枝蝦排']","[211677630932, datetime.datetime(2024, 3, 29, 10, 15, 37, 500000), 'purchase', '香酥鮮嫩狹鱈魚片']","[211677630932, datetime.datetime(2024, 3, 29, 10, 15, 37, 500000), 'purchase', '舒肥雞胸輕巧隨手包單入']",,,,,,,,,,,,,,,,,,,,,,,,,,,,,,,,,,,,,,,,,,,,,,,,,,,,,,,,,,,,,,,,,,,,,,,,,,,,,,,,,,,,,,,,,,,,,,,,,,,,,,,,,,,,,,,,,,,
high-end meat and seafood connoisseur,"[208701472337, datetime.datetime(2024, 2, 23, 23, 17, 53, 270000), 'load', '美國安格斯帶骨牛小排']","[208701472337, datetime.datetime(2024, 2, 23, 23, 19, 36, 744000), 'load', '日式梅花燒肉片']","[208701472337, datetime.datetime(2024, 2, 23, 23, 21, 20, 697000), 'load', '日本A5和牛漢堡排單入任選']","[208701472337, datetime.datetime(2024, 2, 23, 23, 28, 46, 23000), 'purchase', '美國安格斯帶骨牛小排']","[208701472337, datetime.datetime(2024, 2, 23, 23, 28, 46, 23000), 'purchase', '日本A5和牛漢堡排單入任選']",,,,,,,,,,,,,,,,,,,,,,,,,,,,,,,,,,,,,,,,,,,,,,,,,,,,,,,,,,,,,,,,,,,,,,,,,,,,,,,,,,,,,,,,,,,,,,,,,,,,,,,,,,,,,,,,,,,,,,,
seasonal fruit and vegetable buyer,"[207794359592, datetime.datetime(2024, 2, 13, 11, 19, 22, 372000), 'load', '特選鮮採大湖草莓']","[207794359592, datetime.datetime(2024, 2, 13, 11, 19, 51, 77000), 'load', '特選鮮採大湖草莓']","[207794359592, datetime.datetime(2024, 2, 13, 11, 39, 0, 163000), 'purchase', '特選鮮採大湖草莓']",,,,,,,,,,,,,,,,,,,,,,,,,,,,,,,,,,,,,,,,,,,,,,,,,,,,,,,,,,,,,,,,,,,,,,,,,,,,,,,,,,,,,,,,,,,,,,,,,,,,,,,,,,,,,,,,,,,,,,,,,
frugal meat lover,"[210988216536, datetime.datetime(2024, 3, 21, 10, 30, 18, 131000), 'load', '美澳紐超值福利牛肉']","[210988216536, datetime.datetime(2024, 3, 21, 10, 35, 53, 418000), 'purchase', '美澳紐超值福利牛肉']",,,,,,,,,,,,,,,,,,,,,,,,,,,,,,,,,,,,,,,,,,,,,,,,,,,,,,,,,,,,,,,,,,,,,,,,,,,,,,,,,,,,,,,,,,,,,,,,,,,,,,,,,,,,,,,,,,,,,,,,,,
seasonal fruit and vegetable buyer,"[209608369292, datetime.datetime(2024, 3, 5, 11, 13, 1, 178000), 'load', '豪氣食堂台式芋頭炊粉湯']","[209608369292, datetime.datetime(2024, 3, 5, 11, 17, 31, 641000), 'purchase', '豪氣食堂台式芋頭炊粉湯']",,,,,,,,,,,,,,,,,,,,,,,,,,,,,,,,,,,,,,,,,,,,,,,,,,,,,,,,,,,,,,,,,,,,,,,,,,,,,,,,,,,,,,,,,,,,,,,,,,,,,,,,,,,,,,,,,,,,,,,,,,
high-end meat and seafood connoisseur,"[205502346456, datetime.datetime(2024, 1, 17, 22, 40, 19, 208000), 'load', '日式梅花燒肉片']","[205502346456, datetime.datetime(2024, 1, 17, 22, 45, 42, 926000), 'purchase', '日式梅花燒肉片']",,,,,,,,,,,,,,,,,,,,,,,,,,,,,,,,,,,,,,,,,,,,,,,,,,,,,,,,,,,,,,,,,,,,,,,,,,,,,,,,,,,,,,,,,,,,,,,,,,,,,,,,,,,,,,,,,,,,,,,,,,
high-end meat and seafood connoisseur,"[210290587932, datetime.datetime(2024, 3, 13, 8, 43, 9, 953000), 'load', '美國安格斯帶骨牛小排']","[210290587932, datetime.datetime(2024, 3, 13, 8, 48, 13, 28000), 'purchase', '美國安格斯帶骨牛小排']","[210290587932, datetime.datetime(2024, 3, 13, 8, 48, 13, 28000), 'purchase', '鮮嫩無骨雞腿排/單支裝']","[210290587932, datetime.datetime(2024, 3, 13, 8, 48, 13, 28000), 'purchase', '台灣無毒鳳尾甜蝦']",,,,,,,,,,,,,,,,,,,,,,,,,,,,,,,,,,,,,,,,,,,,,,,,,,,,,,,,,,,,,,,,,,,,,,,,,,,,,,,,,,,,,,,,,,,,,,,,,,,,,,,,,,,,,,,,,,,,,,,,
seasonal fruit and vegetable buyer,"[208341425998, datetime.datetime(2024, 2, 19, 19, 17, 7, 963000), 'load', '輕采養生藜麥毛豆']","[208341425998, datetime.datetime(2024, 2, 19, 19, 19, 21, 431000), 'load', '究好味菇菇米10入自由選']","[208341425998, datetime.datetime(2024, 2, 19, 19, 20, 48, 146000), 'load', '歐風黃芥籽藜麥鷹嘴豆']","[208341425998, datetime.datetime(2024, 2, 19, 19, 27, 47, 144000), 'purchase', '輕采養生藜麥毛豆']","[208341425998, datetime.datetime(2024, 2, 19, 19, 27, 47, 144000), 'purchase', '歐風黃芥籽藜麥鷹嘴豆']",,,,,,,,,,,,,,,,,,,,,,,,,,,,,,,,,,,,,,,,,,,,,,,,,,,,,,,,,,,,,,,,,,,,,,,,,,,,,,,,,,,,,,,,,,,,,,,,,,,,,,,,,,,,,,,,,,,,,,,
seasonal fruit and vegetable buyer,"[205014855490, datetime.datetime(2024, 1, 12, 7, 14, 16, 531000), 'load', '老饕級冠軍牛奶蜜棗']","[205014855490, datetime.datetime(2024, 1, 12, 7, 16, 43, 175000), 'purchase', '老饕級冠軍牛奶蜜棗']",,,,,,,,,,,,,,,,,,,,,,,,,,,,,,,,,,,,,,,,,,,,,,,,,,,,,,,,,,,,,,,,,,,,,,,,,,,,,,,,,,,,,,,,,,,,,,,,,,,,,,,,,,,,,,,,,,,,,,,,,,
high-end meat and seafood connoisseur,"[200046147990, datetime.datetime(2023, 11, 15, 19, 2, 29, 66000), 'load', '日本A5和牛漢堡排(2入)']","[200046147990, datetime.datetime(2023, 11, 15, 19, 3, 21, 167000), 'load', '巨無霸霜降牛排']","[200046147990, datetime.datetime(2023, 11, 15, 19, 9, 48, 532000), 'purchase', '巨無霸霜降牛排']",,,,,,,,,,,,,,,,,,,,,,,,,,,,,,,,,,,,,,,,,,,,,,,,,,,,,,,,,,,,,,,,,,,,,,,,,,,,,,,,,,,,,,,,,,,,,,,,,,,,,,,,,,,,,,,,,,,,,,,,,
community event shopper,"[205932493992, datetime.datetime(2024, 1, 22, 22, 8, 17, 96000), 'load', '鴻運納財迎春宴']","[205932493992, datetime.datetime(2024, 1, 22, 22, 10, 22, 134000), 'load', '鴻運納財迎春宴']","[205932493992, datetime.datetime(2024, 1, 22, 22, 11, 6, 965000), 'load', '喜迎春富賀歲宴']","[205932493992, datetime.datetime(2024, 1, 22, 22, 17, 48, 511000), 'purchase', '喜迎春富賀歲宴']",,,,,,,,,,,,,,,,,,,,,,,,,,,,,,,,,,,,,,,,,,,,,,,,,,,,,,,,,,,,,,,,,,,,,,,,,,,,,,,,,,,,,,,,,,,,,,,,,,,,,,,,,,,,,,,,,,,,,,,,
community event shopper,"[205303417298, datetime.datetime(2024, 1, 15, 15, 23, 40, 406000), 'load', '喜迎春富賀歲宴']","[205303417298, datetime.datetime(2024, 1, 15, 15, 25, 58, 630000), 'load', '豐禾小團聚']","[205303417298, datetime.datetime(2024, 1, 15, 15, 28, 45, 883000), 'load', '豐禾小團聚']","[205303417298, datetime.datetime(2024, 1, 15, 15, 38, 32, 50000), 'purchase', '喜迎春富賀歲宴']",,,,,,,,,,,,,,,,,,,,,,,,,,,,,,,,,,,,,,,,,,,,,,,,,,,,,,,,,,,,,,,,,,,,,,,,,,,,,,,,,,,,,,,,,,,,,,,,,,,,,,,,,,,,,,,,,,,,,,,,
luxury seafood enthusiast,"[202819452587, datetime.datetime(2023, 12, 17, 21, 24, 14, 266000), 'load', '福氣黃金魚卵']","[202819452587, datetime.datetime(2023, 12, 17, 21, 29, 25, 617000), 'purchase', '福氣黃金魚卵']",,,,,,,,,,,,,,,,,,,,,,,,,,,,,,,,,,,,,,,,,,,,,,,,,,,,,,,,,,,,,,,,,,,,,,,,,,,,,,,,,,,,,,,,,,,,,,,,,,,,,,,,,,,,,,,,,,,,,,,,,,
high-end meat and seafood connoisseur,"[210022885424, datetime.datetime(2024, 3, 10, 6, 22, 43, 256000), 'load', '霜降骰子牛肉【買三送二】']","[210022885424, datetime.datetime(2024, 3, 10, 6, 32, 20, 510000), 'purchase', '超值老饕霜降骰子牛肉']","[210022885424, datetime.datetime(2024, 3, 10, 6, 32, 20, 510000), 'purchase', '紐西蘭菲力骰子牛']","[210022885424, datetime.datetime(2024, 3, 10, 6, 32, 20, 510000), 'purchase', '美國自然牛和牛霜降']","[210022885424, datetime.datetime(2024, 3, 10, 6, 32, 20, 510000), 'purchase', '香酥雞腿排']","[210022885424, datetime.datetime(2024, 3, 10, 6, 32, 20, 510000), 'purchase', '美式酥炸洋蔥圈']",,,,,,,,,,,,,,,,,,,,,,,,,,,,,,,,,,,,,,,,,,,,,,,,,,,,,,,,,,,,,,,,,,,,,,,,,,,,,,,,,,,,,,,,,,,,,,,,,,,,,,,,,,,,,,,,,,,,,,
frugal meat lover,"[205818994803, datetime.datetime(2024, 1, 21, 14, 39, 23, 120000), 'load', '舒肥雞胸隨手包35包']","[205818994803, datetime.datetime(2024, 1, 21, 14, 41, 51, 410000), 'purchase', '舒肥雞胸隨手包35包']",,,,,,,,,,,,,,,,,,,,,,,,,,,,,,,,,,,,,,,,,,,,,,,,,,,,,,,,,,,,,,,,,,,,,,,,,,,,,,,,,,,,,,,,,,,,,,,,,,,,,,,,,,,,,,,,,,,,,,,,,,
seasonal fruit and vegetable buyer,"[209463120757, datetime.datetime(2024, 3, 3, 18, 54, 8, 145000), 'load', '豪氣食堂台式芋頭炊粉湯']","[209463120757, datetime.datetime(2024, 3, 3, 18, 56, 25, 671000), 'purchase', '豪氣食堂台式芋頭炊粉湯']",,,,,,,,,,,,,,,,,,,,,,,,,,,,,,,,,,,,,,,,,,,,,,,,,,,,,,,,,,,,,,,,,,,,,,,,,,,,,,,,,,,,,,,,,,,,,,,,,,,,,,,,,,,,,,,,,,,,,,,,,,
frugal meat lover,"[210148161956, datetime.datetime(2024, 3, 11, 17, 16, 45, 199000), 'load', '【限量特賣】古早味豬肉']","[210148161956, datetime.datetime(2024, 3, 11, 17, 20, 14, 813000), 'purchase', '鮮嫩無骨雞腿排/單支裝']","[210148161956, datetime.datetime(2024, 3, 11, 17, 20, 14, 813000), 'purchase', '香酥雞腿排']","[210148161956, datetime.datetime(2024, 3, 11, 17, 20, 14, 813000), 'purchase', '養生藥膳舒肥嫩雞胸']","[210148161956, datetime.datetime(2024, 3, 11, 17, 20, 14, 813000), 'purchase', '百匯鮮食粥單入自由選']",,,,,,,,,,,,,,,,,,,,,,,,,,,,,,,,,,,,,,,,,,,,,,,,,,,,,,,,,,,,,,,,,,,,,,,,,,,,,,,,,,,,,,,,,,,,,,,,,,,,,,,,,,,,,,,,,,,,,,,
seasonal fruit and vegetable buyer,"[205560394862, datetime.datetime(2024, 1, 18, 14, 46, 35, 827000), 'load', '特選智利鮮採櫻桃(1KG/箱)']","[205560394862, datetime.datetime(2024, 1, 18, 14, 47, 51, 211000), 'load', '特選智利鮮採櫻桃']","[205560394862, datetime.datetime(2024, 1, 18, 14, 49, 51, 116000), 'load', '特選智利鮮採櫻桃']","[205560394862, datetime.datetime(2024, 1, 18, 14, 52, 7, 234000), 'purchase', '特選智利鮮採櫻桃']",,,,,,,,,,,,,,,,,,,,,,,,,,,,,,,,,,,,,,,,,,,,,,,,,,,,,,,,,,,,,,,,,,,,,,,,,,,,,,,,,,,,,,,,,,,,,,,,,,,,,,,,,,,,,,,,,,,,,,,,
seasonal fruit and vegetable buyer,"[201159705855, datetime.datetime(2023, 11, 28, 16, 21, 46, 950000), 'load', '特選鮮採大湖草莓']","[201159705855, datetime.datetime(2023, 11, 28, 16, 35, 2, 349000), 'purchase', '特選鮮採大湖草莓']",,,,,,,,,,,,,,,,,,,,,,,,,,,,,,,,,,,,,,,,,,,,,,,,,,,,,,,,,,,,,,,,,,,,,,,,,,,,,,,,,,,,,,,,,,,,,,,,,,,,,,,,,,,,,,,,,,,,,,,,,,
frugal meat lover,"[199368807106, datetime.datetime(2023, 11, 7, 22, 53, 41, 377000), 'load', '低醣飲食雞胸蔬菜任選20入']","[199368807106, datetime.datetime(2023, 11, 7, 22, 56, 27, 68000), 'purchase', '低醣飲食雞胸蔬菜任選20入']",,,,,,,,,,,,,,,,,,,,,,,,,,,,,,,,,,,,,,,,,,,,,,,,,,,,,,,,,,,,,,,,,,,,,,,,,,,,,,,,,,,,,,,,,,,,,,,,,,,,,,,,,,,,,,,,,,,,,,,,,,
luxury seafood enthusiast,"[205998628059, datetime.datetime(2024, 1, 23, 16, 30, 33, 115000), 'load', '醬漬一口鮑單入自由選']","[205998628059, datetime.datetime(2024, 1, 23, 16, 47, 46, 788000), 'purchase', '醬漬一口鮑單入自由選']",,,,,,,,,,,,,,,,,,,,,,,,,,,,,,,,,,,,,,,,,,,,,,,,,,,,,,,,,,,,,,,,,,,,,,,,,,,,,,,,,,,,,,,,,,,,,,,,,,,,,,,,,,,,,,,,,,,,,,,,,,
high-end meat and seafood connoisseur,"[204800992979, datetime.datetime(2024, 1, 9, 19, 50, 21, 387000), 'load', '嫩煎古早味鐵路排骨']","[204800992979, datetime.datetime(2024, 1, 9, 19, 51, 55, 905000), 'load', '美國頂級雪花翼板牛排']","[204800992979, datetime.datetime(2024, 1, 9, 19, 55, 31, 605000), 'load', '香酥雞腿排']","[204800992979, datetime.datetime(2024, 1, 9, 19, 57, 2, 377000), 'load', '醬漬一口鮑單入自由選']","[204800992979, datetime.datetime(2024, 1, 9, 20, 4, 27, 461000), 'load', '醬漬一口鮑單入自由選']","[204800992979, datetime.datetime(2024, 1, 9, 20, 8, 42, 226000), 'purchase', '嫩煎古早味鐵路排骨']","[204800992979, datetime.datetime(2024, 1, 9, 20, 8, 42, 226000), 'purchase', '香酥雞腿排']","[204800992979, datetime.datetime(2024, 1, 9, 20, 8, 42, 226000), 'purchase', '醬漬一口鮑單入自由選']",,,,,,,,,,,,,,,,,,,,,,,,,,,,,,,,,,,,,,,,,,,,,,,,,,,,,,,,,,,,,,,,,,,,,,,,,,,,,,,,,,,,,,,,,,,,,,,,,,,,,,,,,,,,,,,,,,,,
high-end meat and seafood connoisseur,"[206147305864, datetime.datetime(2024, 1, 25, 9, 48, 28, 378000), 'load', '醬漬一口鮑單入自由選']","[206147305864, datetime.datetime(2024, 1, 25, 9, 57, 47, 389000), 'load', '醬漬一口鮑單入自由選']","[206147305864, datetime.datetime(2024, 1, 25, 9, 59, 5, 805000), 'load', '醬漬一口鮑單入自由選']","[206147305864, datetime.datetime(2024, 1, 25, 10, 4, 35, 188000), 'purchase', '醬漬一口鮑單入自由選']",,,,,,,,,,,,,,,,,,,,,,,,,,,,,,,,,,,,,,,,,,,,,,,,,,,,,,,,,,,,,,,,,,,,,,,,,,,,,,,,,,,,,,,,,,,,,,,,,,,,,,,,,,,,,,,,,,,,,,,,
high-end meat and seafood connoisseur,"[199752401796, datetime.datetime(2023, 11, 12, 9, 26, 44, 9000), 'load', '豪氣食堂手工水餃6入選']","[199752401796, datetime.datetime(2023, 11, 12, 9, 27, 49, 822000), 'load', '日式梅花燒肉片']","[199752401796, datetime.datetime(2023, 11, 12, 9, 31, 22, 407000), 'purchase', '日式梅花燒肉片']",,,,,,,,,,,,,,,,,,,,,,,,,,,,,,,,,,,,,,,,,,,,,,,,,,,,,,,,,,,,,,,,,,,,,,,,,,,,,,,,,,,,,,,,,,,,,,,,,,,,,,,,,,,,,,,,,,,,,,,,,
frugal meat lover,"[199071551890, datetime.datetime(2023, 11, 4, 12, 20, 10, 547000), 'load', '舒肥雞胸隨手包35包']","[199071551890, datetime.datetime(2023, 11, 4, 12, 20, 35, 174000), 'load', '舒肥雞胸隨手包35包']","[199071551890, datetime.datetime(2023, 11, 4, 12, 38, 2, 103000), 'load', '美式香濃起司薯球']","[199071551890, datetime.datetime(2023, 11, 4, 12, 40, 3, 935000), 'load', '舒肥雞胸輕巧隨手包單入']","[199071551890, datetime.datetime(2023, 11, 4, 12, 44, 26, 563000), 'purchase', '美式香濃起司薯球']","[199071551890, datetime.datetime(2023, 11, 4, 12, 44, 26, 563000), 'purchase', '四川輕麻辣舒肥嫩雞胸']","[199071551890, datetime.datetime(2023, 11, 4, 12, 44, 26, 563000), 'purchase', '舒肥雞胸隨手包35包']",,,,,,,,,,,,,,,,,,,,,,,,,,,,,,,,,,,,,,,,,,,,,,,,,,,,,,,,,,,,,,,,,,,,,,,,,,,,,,,,,,,,,,,,,,,,,,,,,,,,,,,,,,,,,,,,,,,,,
high-end meat and seafood connoisseur,"[203001816146, datetime.datetime(2023, 12, 20, 0, 4, 12, 348000), 'load', '超嫩舒肥嫩雞胸10入任選']","[203001816146, datetime.datetime(2023, 12, 20, 0, 7, 15, 837000), 'purchase', '超嫩舒肥嫩雞胸10入任選']",,,,,,,,,,,,,,,,,,,,,,,,,,,,,,,,,,,,,,,,,,,,,,,,,,,,,,,,,,,,,,,,,,,,,,,,,,,,,,,,,,,,,,,,,,,,,,,,,,,,,,,,,,,,,,,,,,,,,,,,,,
high-end meat and seafood connoisseur,"[202877454827, datetime.datetime(2023, 12, 18, 13, 31, 29, 549000), 'load', '鮮嫩唐揚無骨雞腿塊']","[202877454827, datetime.datetime(2023, 12, 18, 13, 31, 49, 409000), 'load', '老饕挪威薄鹽鯖魚']","[202877454827, datetime.datetime(2023, 12, 18, 13, 32, 14, 277000), 'load', '聖凱招牌牛肉麵3入自由選']","[202877454827, datetime.datetime(2023, 12, 18, 13, 32, 38, 272000), 'load', '私房紅燒香滷牛筋']","[202877454827, datetime.datetime(2023, 12, 18, 13, 32, 49, 389000), 'load', '招牌香滷牛筋3入自由選']","[202877454827, datetime.datetime(2023, 12, 18, 13, 35, 35, 693000), 'load', '聖凱招牌牛肉麵3入自由選']","[202877454827, datetime.datetime(2023, 12, 18, 13, 36, 53, 454000), 'load', '招牌香滷牛筋3入自由選']","[202877454827, datetime.datetime(2023, 12, 18, 13, 37, 23, 859000), 'load', '私房紅燒香滷牛筋']","[202877454827, datetime.datetime(2023, 12, 18, 13, 38, 15, 901000), 'load', '【限量特賣】紅燒滷牛腱']","[202877454827, datetime.datetime(2023, 12, 18, 13, 39, 13, 872000), 'load', '聖凱招牌牛肉麵3入自由選']","[202877454827, datetime.datetime(2023, 12, 18, 13, 54, 11, 778000), 'load', '私房紅燒香滷牛筋']","[202877454827, datetime.datetime(2023, 12, 18, 13, 55, 59, 20000), 'purchase', '美國安格斯帶骨牛小排']","[202877454827, datetime.datetime(2023, 12, 18, 13, 55, 59, 20000), 'purchase', '鮮嫩唐揚無骨雞腿塊']","[202877454827, datetime.datetime(2023, 12, 18, 13, 55, 59, 20000), 'purchase', '私房紅燒香滷牛筋']",,,,,,,,,,,,,,,,,,,,,,,,,,,,,,,,,,,,,,,,,,,,,,,,,,,,,,,,,,,,,,,,,,,,,,,,,,,,,,,,,,,,,,,,,,,,,,,,,,,,,,,,,,,,,,
seasonal fruit and vegetable buyer,"[210169789168, datetime.datetime(2024, 3, 11, 23, 11, 40, 657000), 'load', '新興461-韓式泡菜軟骨肉']","[210169789168, datetime.datetime(2024, 3, 11, 23, 12, 11, 300000), 'load', '特級蘇丹王鮮凍榴槤果肉']","[210169789168, datetime.datetime(2024, 3, 11, 23, 17, 2, 410000), 'purchase', '鮮採冷凍泰國金枕頭榴槤 ']","[210169789168, datetime.datetime(2024, 3, 11, 23, 17, 5, 910000), 'purchase', '鮮採冷凍泰國金枕頭榴槤 ']",,,,,,,,,,,,,,,,,,,,,,,,,,,,,,,,,,,,,,,,,,,,,,,,,,,,,,,,,,,,,,,,,,,,,,,,,,,,,,,,,,,,,,,,,,,,,,,,,,,,,,,,,,,,,,,,,,,,,,,,
seasonal fruit and vegetable buyer,"[202316534040, datetime.datetime(2023, 12, 12, 1, 42, 16, 731000), 'load', '橙蜜香小蕃茄']","[202316534040, datetime.datetime(2023, 12, 12, 1, 45, 41, 176000), 'purchase', '橙蜜香小蕃茄']",,,,,,,,,,,,,,,,,,,,,,,,,,,,,,,,,,,,,,,,,,,,,,,,,,,,,,,,,,,,,,,,,,,,,,,,,,,,,,,,,,,,,,,,,,,,,,,,,,,,,,,,,,,,,,,,,,,,,,,,,,
seasonal fruit and vegetable buyer,"[202209072271, datetime.datetime(2023, 12, 10, 19, 51, 14, 475000), 'load', '特選鮮採大湖草莓']","[202209072271, datetime.datetime(2023, 12, 10, 19, 57, 39, 586000), 'purchase', '特選鮮採大湖草莓']",,,,,,,,,,,,,,,,,,,,,,,,,,,,,,,,,,,,,,,,,,,,,,,,,,,,,,,,,,,,,,,,,,,,,,,,,,,,,,,,,,,,,,,,,,,,,,,,,,,,,,,,,,,,,,,,,,,,,,,,,,
community event shopper,"[206079021922, datetime.datetime(2024, 1, 24, 14, 50, 24, 36000), 'load', '鴻運納財迎春宴']","[206079021922, datetime.datetime(2024, 1, 24, 14, 54, 27, 193000), 'purchase', '鴻運納財迎春宴']",,,,,,,,,,,,,,,,,,,,,,,,,,,,,,,,,,,,,,,,,,,,,,,,,,,,,,,,,,,,,,,,,,,,,,,,,,,,,,,,,,,,,,,,,,,,,,,,,,,,,,,,,,,,,,,,,,,,,,,,,,
high-end meat and seafood connoisseur,"[206984467108, datetime.datetime(2024, 2, 4, 2, 21, 9, 857000), 'load', '卡拉綜合禮盒']","[206984467108, datetime.datetime(2024, 2, 4, 2, 24, 44, 379000), 'load', '卡拉綜合禮盒']","[206984467108, datetime.datetime(2024, 2, 4, 2, 31, 50, 986000), 'purchase', '卡拉綜合禮盒']",,,,,,,,,,,,,,,,,,,,,,,,,,,,,,,,,,,,,,,,,,,,,,,,,,,,,,,,,,,,,,,,,,,,,,,,,,,,,,,,,,,,,,,,,,,,,,,,,,,,,,,,,,,,,,,,,,,,,,,,,
high-end meat and seafood connoisseur,"[205671858233, datetime.datetime(2024, 1, 19, 21, 44, 19, 685000), 'load', '舒肥雞胸輕巧隨手包(30包)']","[205671858233, datetime.datetime(2024, 1, 19, 21, 44, 36, 740000), 'load', '享受藜麥自由選(12包入)']","[205671858233, datetime.datetime(2024, 1, 19, 21, 51, 5, 365000), 'purchase', '享受藜麥自由選(12包入)']",,,,,,,,,,,,,,,,,,,,,,,,,,,,,,,,,,,,,,,,,,,,,,,,,,,,,,,,,,,,,,,,,,,,,,,,,,,,,,,,,,,,,,,,,,,,,,,,,,,,,,,,,,,,,,,,,,,,,,,,,
luxury seafood enthusiast,"[204633387903, datetime.datetime(2024, 1, 7, 21, 16, 37, 501000), 'load', '醬漬一口鮑單入自由選']","[204633387903, datetime.datetime(2024, 1, 7, 21, 19, 2, 324000), 'load', '醬漬一口鮑單入自由選']","[204633387903, datetime.datetime(2024, 1, 7, 21, 19, 38, 549000), 'load', '醬漬一口鮑單入自由選']","[204633387903, datetime.datetime(2024, 1, 7, 21, 22, 5, 885000), 'purchase', '醬漬一口鮑單入自由選']",,,,,,,,,,,,,,,,,,,,,,,,,,,,,,,,,,,,,,,,,,,,,,,,,,,,,,,,,,,,,,,,,,,,,,,,,,,,,,,,,,,,,,,,,,,,,,,,,,,,,,,,,,,,,,,,,,,,,,,,
luxury seafood enthusiast,"[199423548855, datetime.datetime(2023, 11, 8, 14, 5, 50, 89000), 'load', '熟凍鮮紅蟳']","[199423548855, datetime.datetime(2023, 11, 8, 14, 15, 39, 325000), 'purchase', '熟凍鮮紅蟳']",,,,,,,,,,,,,,,,,,,,,,,,,,,,,,,,,,,,,,,,,,,,,,,,,,,,,,,,,,,,,,,,,,,,,,,,,,,,,,,,,,,,,,,,,,,,,,,,,,,,,,,,,,,,,,,,,,,,,,,,,,
seasonal fruit and vegetable buyer,"[201868647355, datetime.datetime(2023, 12, 6, 21, 17, 28, 774000), 'load', '特選鮮採大湖草莓']","[201868647355, datetime.datetime(2023, 12, 6, 21, 17, 39, 973000), 'load', '特選鮮採大湖草莓']","[201868647355, datetime.datetime(2023, 12, 6, 21, 19, 36, 530000), 'load', '特選鮮採大湖草莓']","[201868647355, datetime.datetime(2023, 12, 6, 21, 22, 10, 38000), 'purchase', '特選鮮採大湖草莓']",,,,,,,,,,,,,,,,,,,,,,,,,,,,,,,,,,,,,,,,,,,,,,,,,,,,,,,,,,,,,,,,,,,,,,,,,,,,,,,,,,,,,,,,,,,,,,,,,,,,,,,,,,,,,,,,,,,,,,,,
community event shopper,"[206409506380, datetime.datetime(2024, 1, 28, 10, 38, 27, 646000), 'load', '卡拉綜合禮盒']","[206409506380, datetime.datetime(2024, 1, 28, 10, 42, 13, 9000), 'purchase', '卡拉綜合禮盒']",,,,,,,,,,,,,,,,,,,,,,,,,,,,,,,,,,,,,,,,,,,,,,,,,,,,,,,,,,,,,,,,,,,,,,,,,,,,,,,,,,,,,,,,,,,,,,,,,,,,,,,,,,,,,,,,,,,,,,,,,,
high-end meat and seafood connoisseur,"[209563554279, datetime.datetime(2024, 3, 4, 22, 45, 56, 811000), 'load', '澎湖活凍野生明蝦']","[209563554279, datetime.datetime(2024, 3, 4, 22, 45, 56, 818000), 'load', '澎湖活凍野生明蝦']","[209563554279, datetime.datetime(2024, 3, 4, 22, 48, 30, 908000), 'load', '醬漬一口鮑單入自由選']","[209563554279, datetime.datetime(2024, 3, 4, 22, 48, 52, 302000), 'load', '醬漬一口鮑單入自由選']","[209563554279, datetime.datetime(2024, 3, 4, 23, 0, 20, 647000), 'purchase', '鮮採冷凍泰國金枕頭榴槤 ']","[209563554279, datetime.datetime(2024, 3, 4, 23, 0, 20, 647000), 'purchase', '酒釀蒜香鹹豬肉']","[209563554279, datetime.datetime(2024, 3, 4, 23, 0, 20, 647000), 'purchase', '醇郁豬腸四神湯']","[209563554279, datetime.datetime(2024, 3, 4, 23, 0, 20, 647000), 'purchase', '瑋納佰洲-貓山王榴槤冰淇淋']","[209563554279, datetime.datetime(2024, 3, 4, 23, 0, 20, 647000), 'purchase', '食之香-起司抓餅']","[209563554279, datetime.datetime(2024, 3, 4, 23, 0, 20, 647000), 'purchase', '招牌高麗菜鮮肉餃']","[209563554279, datetime.datetime(2024, 3, 4, 23, 0, 20, 647000), 'purchase', '金黃玉米鮮肉餃']","[209563554279, datetime.datetime(2024, 3, 4, 23, 0, 20, 647000), 'purchase', '美國特選板腱牛肉片']",,,,,,,,,,,,,,,,,,,,,,,,,,,,,,,,,,,,,,,,,,,,,,,,,,,,,,,,,,,,,,,,,,,,,,,,,,,,,,,,,,,,,,,,,,,,,,,,,,,,,,,,,,,,,,,,
high-end meat and seafood connoisseur,"[208125359505, datetime.datetime(2024, 2, 17, 7, 16, 1, 615000), 'load', '美國安格斯帶骨牛小排']","[208125359505, datetime.datetime(2024, 2, 17, 7, 19, 5, 77000), 'load', '美國安格斯帶骨牛小排']","[208125359505, datetime.datetime(2024, 2, 17, 7, 20, 47, 326000), 'load', '日本A5和牛漢堡排單入任選']","[208125359505, datetime.datetime(2024, 2, 17, 7, 22, 2, 448000), 'load', '【限量特賣】義大利麵任選']","[208125359505, datetime.datetime(2024, 2, 17, 7, 22, 32, 857000), 'load', '美國藍帶特選嫩肩牛排']","[208125359505, datetime.datetime(2024, 2, 17, 7, 26, 35, 349000), 'load', '日式梅花燒肉片']","[208125359505, datetime.datetime(2024, 2, 17, 7, 27, 16, 450000), 'load', '超大無毒白蝦仁 150g']","[208125359505, datetime.datetime(2024, 2, 17, 7, 33, 0, 326000), 'purchase', '美國安格斯帶骨牛小排']","[208125359505, datetime.datetime(2024, 2, 17, 7, 33, 0, 326000), 'purchase', '超大無毒白蝦仁 150g']","[208125359505, datetime.datetime(2024, 2, 17, 7, 33, 0, 326000), 'purchase', '日式梅花燒肉片']","[208125359505, datetime.datetime(2024, 2, 17, 7, 33, 0, 326000), 'purchase', '鮮凍毛豆仁']","[208125359505, datetime.datetime(2024, 2, 17, 7, 33, 0, 326000), 'purchase', '黃金手工花枝蝦排']",,,,,,,,,,,,,,,,,,,,,,,,,,,,,,,,,,,,,,,,,,,,,,,,,,,,,,,,,,,,,,,,,,,,,,,,,,,,,,,,,,,,,,,,,,,,,,,,,,,,,,,,,,,,,,,,
seasonal fruit and vegetable buyer,"[208280389120, datetime.datetime(2024, 2, 19, 2, 19, 50, 144000), 'load', '豪氣食堂台式芋頭炊粉湯']","[208280389120, datetime.datetime(2024, 2, 19, 2, 24, 55, 198000), 'purchase', '豪氣食堂台式芋頭炊粉湯']",,,,,,,,,,,,,,,,,,,,,,,,,,,,,,,,,,,,,,,,,,,,,,,,,,,,,,,,,,,,,,,,,,,,,,,,,,,,,,,,,,,,,,,,,,,,,,,,,,,,,,,,,,,,,,,,,,,,,,,,,,
high-end meat and seafood connoisseur,"[208926040087, datetime.datetime(2024, 2, 26, 13, 44, 44), 'load', '超嫩舒肥嫩雞胸(任選30包)']","[208926040087, datetime.datetime(2024, 2, 26, 14, 3, 11, 991000), 'load', '100kg一休低醣熱量赤字餐']","[208926040087, datetime.datetime(2024, 2, 26, 14, 5, 8, 640000), 'load', '冰心地瓜6入任選']","[208926040087, datetime.datetime(2024, 2, 26, 14, 6, 31, 83000), 'load', '神農老饕黑珍珠蓮霧']","[208926040087, datetime.datetime(2024, 2, 26, 14, 6, 45, 875000), 'load', '鮮採蜜風鈴蓮霧']","[208926040087, datetime.datetime(2024, 2, 26, 14, 7, 12, 924000), 'load', '頂級神農黑珍珠蓮霧']","[208926040087, datetime.datetime(2024, 2, 26, 14, 7, 27, 815000), 'load', '神農老饕黑珍珠蓮霧']","[208926040087, datetime.datetime(2024, 2, 26, 14, 15, 58, 869000), 'load', '牛雞雙享福利免運包']","[208926040087, datetime.datetime(2024, 2, 26, 14, 18, 9, 257000), 'load', '招牌蒜香羊肉']","[208926040087, datetime.datetime(2024, 2, 26, 14, 19, 12, 403000), 'load', '鮮嫩無骨雞腿排/單支裝']","[208926040087, datetime.datetime(2024, 2, 26, 14, 19, 32, 875000), 'load', '總統級超厚霜降牛排21oz']","[208926040087, datetime.datetime(2024, 2, 26, 14, 26, 55, 334000), 'load', '【限量特賣】古早味豬肉']","[208926040087, datetime.datetime(2024, 2, 26, 14, 27, 7, 410000), 'load', '【限量特賣】切段玉米筍']","[208926040087, datetime.datetime(2024, 2, 26, 14, 33, 27, 891000), 'purchase', '總統級超厚霜降牛排21oz']","[208926040087, datetime.datetime(2024, 2, 26, 14, 33, 27, 891000), 'purchase', '【限量特賣】切段玉米筍']","[208926040087, datetime.datetime(2024, 2, 26, 14, 33, 27, 891000), 'purchase', '特A級日本栗香地瓜']","[208926040087, datetime.datetime(2024, 2, 26, 14, 33, 27, 891000), 'purchase', '香酥雞腿排']","[208926040087, datetime.datetime(2024, 2, 26, 14, 33, 27, 891000), 'purchase', '澎湖野生海菜']","[208926040087, datetime.datetime(2024, 2, 26, 14, 33, 27, 891000), 'purchase', '宜蘭古早味肉羹']","[208926040087, datetime.datetime(2024, 2, 26, 14, 33, 27, 891000), 'purchase', '超嫩舒肥嫩雞胸(任選30包)']","[208926040087, datetime.datetime(2024, 2, 26, 14, 33, 27, 891000), 'purchase', '牛雞雙享福利免運包']",,,,,,,,,,,,,,,,,,,,,,,,,,,,,,,,,,,,,,,,,,,,,,,,,,,,,,,,,,,,,,,,,,,,,,,,,,,,,,,,,,,,,,,,,,,,,,,,,,,,,,,
seasonal fruit and vegetable buyer,"[204771131922, datetime.datetime(2024, 1, 9, 11, 32, 13, 991000), 'load', '甜蜜蜜砂糖橘']","[204771131922, datetime.datetime(2024, 1, 9, 11, 33, 49, 905000), 'load', '甜蜜蜜砂糖橘']","[204771131922, datetime.datetime(2024, 1, 9, 11, 35, 44, 390000), 'purchase', '甜蜜蜜砂糖橘']",,,,,,,,,,,,,,,,,,,,,,,,,,,,,,,,,,,,,,,,,,,,,,,,,,,,,,,,,,,,,,,,,,,,,,,,,,,,,,,,,,,,,,,,,,,,,,,,,,,,,,,,,,,,,,,,,,,,,,,,,
high-end meat and seafood connoisseur,"[198826730387, datetime.datetime(2023, 11, 1, 16, 18, 55, 569000), 'load', '日本A5和牛漢堡排(2入)']","[198826730387, datetime.datetime(2023, 11, 1, 16, 25, 42, 331000), 'purchase', '日本A5和牛漢堡排(2入)']",,,,,,,,,,,,,,,,,,,,,,,,,,,,,,,,,,,,,,,,,,,,,,,,,,,,,,,,,,,,,,,,,,,,,,,,,,,,,,,,,,,,,,,,,,,,,,,,,,,,,,,,,,,,,,,,,,,,,,,,,,
seasonal fruit and vegetable buyer,"[210379491324, datetime.datetime(2024, 3, 14, 9, 25, 16, 353000), 'load', '招牌紅燒牛肉湯']","[210379491324, datetime.datetime(2024, 3, 14, 9, 39, 2, 172000), 'load', '南方澳大尾薄鹽鯖魚']","[210379491324, datetime.datetime(2024, 3, 14, 9, 45, 45, 975000), 'load', '特級蘇丹王鮮凍榴槤果肉']","[210379491324, datetime.datetime(2024, 3, 14, 9, 48, 20, 884000), 'purchase', '特級蘇丹王鮮凍榴槤果肉']",,,,,,,,,,,,,,,,,,,,,,,,,,,,,,,,,,,,,,,,,,,,,,,,,,,,,,,,,,,,,,,,,,,,,,,,,,,,,,,,,,,,,,,,,,,,,,,,,,,,,,,,,,,,,,,,,,,,,,,,
luxury seafood enthusiast,"[208916281069, datetime.datetime(2024, 2, 26, 10, 58, 3, 268000), 'load', '醬漬一口鮑單入自由選']","[208916281069, datetime.datetime(2024, 2, 26, 11, 3, 10, 689000), 'purchase', '醬漬一口鮑單入自由選']",,,,,,,,,,,,,,,,,,,,,,,,,,,,,,,,,,,,,,,,,,,,,,,,,,,,,,,,,,,,,,,,,,,,,,,,,,,,,,,,,,,,,,,,,,,,,,,,,,,,,,,,,,,,,,,,,,,,,,,,,,
community event shopper,"[206491788947, datetime.datetime(2024, 1, 29, 9, 29, 50, 892000), 'load', '鴻運納財迎春宴']","[206491788947, datetime.datetime(2024, 1, 29, 9, 36, 3, 173000), 'purchase', '鴻運納財迎春宴']",,,,,,,,,,,,,,,,,,,,,,,,,,,,,,,,,,,,,,,,,,,,,,,,,,,,,,,,,,,,,,,,,,,,,,,,,,,,,,,,,,,,,,,,,,,,,,,,,,,,,,,,,,,,,,,,,,,,,,,,,,
high-end meat and seafood connoisseur,"[205809933881, datetime.datetime(2024, 1, 21, 12, 8, 38, 889000), 'load', '卡拉禮盒零嘴任選24包']","[205809933881, datetime.datetime(2024, 1, 21, 12, 23, 29, 726000), 'load', '超人氣卡拉小卷(芥末)']","[205809933881, datetime.datetime(2024, 1, 21, 12, 25, 1, 295000), 'load', '超好吃卡拉脆蝦(辣味)']","[205809933881, datetime.datetime(2024, 1, 21, 12, 29, 33, 396000), 'load', '超好吃卡拉脆魷(原味)']","[205809933881, datetime.datetime(2024, 1, 21, 12, 33, 14, 226000), 'load', '超人氣卡拉龍珠(芥末)']","[205809933881, datetime.datetime(2024, 1, 21, 12, 36, 9, 489000), 'load', '一口炙燒烏魚子']","[205809933881, datetime.datetime(2024, 1, 21, 12, 38, 29, 151000), 'load', '智利生凍帝王蟹腳']","[205809933881, datetime.datetime(2024, 1, 21, 12, 40, 11, 43000), 'load', '澎湖活凍野生明蝦']","[205809933881, datetime.datetime(2024, 1, 21, 12, 43, 22, 110000), 'load', '【基食堂】脆皮豬燒肉']","[205809933881, datetime.datetime(2024, 1, 21, 12, 44, 36, 716000), 'load', '豐禾小團聚']","[205809933881, datetime.datetime(2024, 1, 21, 12, 45, 59, 10000), 'load', '南洋沙嗲風味翼板牛(4串)']","[205809933881, datetime.datetime(2024, 1, 21, 12, 48, 21, 453000), 'load', '紐西蘭菲力骰子牛']","[205809933881, datetime.datetime(2024, 1, 21, 12, 50, 46, 447000), 'load', '總統級超厚霜降牛排21oz']","[205809933881, datetime.datetime(2024, 1, 21, 12, 52, 49, 190000), 'load', '美國藍帶特選嫩肩牛排']","[205809933881, datetime.datetime(2024, 1, 21, 13, 3, 48, 337000), 'purchase', '超人氣卡拉龍珠(原味)']","[205809933881, datetime.datetime(2024, 1, 21, 13, 3, 48, 337000), 'purchase', '卡拉禮盒零嘴任選24包']",,,,,,,,,,,,,,,,,,,,,,,,,,,,,,,,,,,,,,,,,,,,,,,,,,,,,,,,,,,,,,,,,,,,,,,,,,,,,,,,,,,,,,,,,,,,,,,,,,,,,,,,,,,,
high-end meat and seafood connoisseur,"[203389137260, datetime.datetime(2023, 12, 24, 11, 39, 6, 55000), 'load', '家庭號優鮮原味雞塊']","[203389137260, datetime.datetime(2023, 12, 24, 11, 39, 55, 817000), 'load', '黃金手工花枝蝦排']","[203389137260, datetime.datetime(2023, 12, 24, 11, 40, 40, 357000), 'load', '霜降骰子牛肉【買三送二】']","[203389137260, datetime.datetime(2023, 12, 24, 11, 41, 15, 901000), 'load', '【限量特賣】義大利麵任選']","[203389137260, datetime.datetime(2023, 12, 24, 11, 41, 43, 535000), 'load', '黃金香酥旗魚塊']","[203389137260, datetime.datetime(2023, 12, 24, 11, 42, 11, 807000), 'load', '台灣極鮮白蝦']","[203389137260, datetime.datetime(2023, 12, 24, 11, 42, 35, 487000), 'load', '【限量特賣】鮮嫩好食雞']","[203389137260, datetime.datetime(2023, 12, 24, 11, 42, 55, 171000), 'load', '鮮嫩吮指烤雞翅15入自由選']","[203389137260, datetime.datetime(2023, 12, 24, 11, 43, 35, 264000), 'load', '鮮嫩吮指烤雞翅15入自由選']","[203389137260, datetime.datetime(2023, 12, 24, 11, 43, 40, 894000), 'load', '鮮嫩吮指烤雞翅10入自由選']","[203389137260, datetime.datetime(2023, 12, 24, 11, 43, 49, 468000), 'load', '鮮嫩吮指烤雞翅單入自由選']","[203389137260, datetime.datetime(2023, 12, 24, 11, 44, 1, 540000), 'load', '鮮嫩吮指烤雞翅15入自由選']","[203389137260, datetime.datetime(2023, 12, 24, 11, 45, 29, 205000), 'load', '香酥雞腿排']","[203389137260, datetime.datetime(2023, 12, 24, 11, 47, 27, 686000), 'load', '泰式檸香打拋肉']","[203389137260, datetime.datetime(2023, 12, 24, 11, 48, 27, 775000), 'purchase', '黃金手工花枝蝦排']","[203389137260, datetime.datetime(2023, 12, 24, 11, 48, 27, 775000), 'purchase', '霜降骰子牛肉【買三送二】']","[203389137260, datetime.datetime(2023, 12, 24, 11, 48, 27, 775000), 'purchase', '黃金香酥旗魚塊']","[203389137260, datetime.datetime(2023, 12, 24, 11, 48, 27, 775000), 'purchase', '香酥雞腿排']",,,,,,,,,,,,,,,,,,,,,,,,,,,,,,,,,,,,,,,,,,,,,,,,,,,,,,,,,,,,,,,,,,,,,,,,,,,,,,,,,,,,,,,,,,,,,,,,,,,,,,,,,,
high-end meat and seafood connoisseur,"[210156525569, datetime.datetime(2024, 3, 11, 19, 28, 48, 431000), 'load', '日式梅花燒肉片']","[210156525569, datetime.datetime(2024, 3, 11, 19, 29, 11, 308000), 'load', '日式梅花燒肉片']","[210156525569, datetime.datetime(2024, 3, 11, 19, 31, 32, 949000), 'purchase', '日式梅花燒肉片']","[210156525569, datetime.datetime(2024, 3, 11, 19, 36, 9), 'purchase', '日式梅花燒肉片']","[210156525569, datetime.datetime(2024, 3, 11, 19, 36, 10, 484000), 'purchase', '日式梅花燒肉片']",,,,,,,,,,,,,,,,,,,,,,,,,,,,,,,,,,,,,,,,,,,,,,,,,,,,,,,,,,,,,,,,,,,,,,,,,,,,,,,,,,,,,,,,,,,,,,,,,,,,,,,,,,,,,,,,,,,,,,,
high-end meat and seafood connoisseur,"[201695097138, datetime.datetime(2023, 12, 4, 21, 7, 20, 842000), 'load', '超嫩舒肥嫩雞胸(任選30包)']","[201695097138, datetime.datetime(2023, 12, 4, 21, 11, 54, 69000), 'purchase', '超嫩舒肥嫩雞胸(任選30包)']",,,,,,,,,,,,,,,,,,,,,,,,,,,,,,,,,,,,,,,,,,,,,,,,,,,,,,,,,,,,,,,,,,,,,,,,,,,,,,,,,,,,,,,,,,,,,,,,,,,,,,,,,,,,,,,,,,,,,,,,,,
community event shopper,"[205373859977, datetime.datetime(2024, 1, 16, 10, 57, 41, 994000), 'load', '龍躍承祥團圓宴']","[205373859977, datetime.datetime(2024, 1, 16, 10, 58, 22, 176000), 'load', '龍躍承祥團圓宴']","[205373859977, datetime.datetime(2024, 1, 16, 11, 19, 25, 860000), 'load', '龍躍承祥團圓宴']","[205373859977, datetime.datetime(2024, 1, 16, 11, 25, 53, 540000), 'purchase', '龍躍承祥團圓宴']",,,,,,,,,,,,,,,,,,,,,,,,,,,,,,,,,,,,,,,,,,,,,,,,,,,,,,,,,,,,,,,,,,,,,,,,,,,,,,,,,,,,,,,,,,,,,,,,,,,,,,,,,,,,,,,,,,,,,,,,
high-end meat and seafood connoisseur,"[211341588780, datetime.datetime(2024, 3, 25, 12, 40, 59, 266000), 'load', '冰鮮空運鮭魚生魚片']","[211341588780, datetime.datetime(2024, 3, 25, 12, 41, 34, 37000), 'load', '西班牙手切伊比利松阪豬']","[211341588780, datetime.datetime(2024, 3, 25, 12, 43, 16, 669000), 'purchase', '冰鮮空運鮭魚生魚片']","[211341588780, datetime.datetime(2024, 3, 25, 12, 43, 16, 669000), 'purchase', '西班牙手切伊比利松阪豬']",,,,,,,,,,,,,,,,,,,,,,,,,,,,,,,,,,,,,,,,,,,,,,,,,,,,,,,,,,,,,,,,,,,,,,,,,,,,,,,,,,,,,,,,,,,,,,,,,,,,,,,,,,,,,,,,,,,,,,,,
high-end meat and seafood connoisseur,"[210870023493, datetime.datetime(2024, 3, 20, 1, 42, 52, 442000), 'load', '鮮採冷凍泰國金枕頭榴槤 ']","[210870023493, datetime.datetime(2024, 3, 20, 1, 43, 23, 124000), 'load', '美國頂級雪花翼板牛排']","[210870023493, datetime.datetime(2024, 3, 20, 1, 46, 6, 185000), 'load', '美國藍帶特選嫩肩牛肉片']","[210870023493, datetime.datetime(2024, 3, 20, 1, 47, 18, 608000), 'load', '人氣手打漿10入自由選']","[210870023493, datetime.datetime(2024, 3, 20, 1, 47, 49, 409000), 'load', '招牌手打漿20入自由選']","[210870023493, datetime.datetime(2024, 3, 20, 1, 49, 8, 511000), 'load', '熱銷丸食20入自由選']","[210870023493, datetime.datetime(2024, 3, 20, 1, 50, 2, 151000), 'load', '熱銷丸食20入自由選']","[210870023493, datetime.datetime(2024, 3, 20, 1, 51, 0, 526000), 'load', '原味牛肉丸']","[210870023493, datetime.datetime(2024, 3, 20, 1, 51, 25, 929000), 'load', '美國特選五花牛肉片']","[210870023493, datetime.datetime(2024, 3, 20, 1, 51, 48, 971000), 'load', '古早糖燻豬五花']","[210870023493, datetime.datetime(2024, 3, 20, 2, 3, 16, 24000), 'purchase', '美國藍帶特選嫩肩牛肉片']","[210870023493, datetime.datetime(2024, 3, 20, 2, 3, 16, 24000), 'purchase', '黃金手工花枝蝦排']","[210870023493, datetime.datetime(2024, 3, 20, 2, 3, 16, 24000), 'purchase', 'PRIME美國雪花牛火鍋片']","[210870023493, datetime.datetime(2024, 3, 20, 2, 3, 16, 24000), 'purchase', '原味牛肉丸']","[210870023493, datetime.datetime(2024, 3, 20, 2, 3, 16, 24000), 'purchase', '美國特選五花牛肉片']","[210870023493, datetime.datetime(2024, 3, 20, 2, 3, 16, 24000), 'purchase', '美國頂級雪花翼板牛排']",,,,,,,,,,,,,,,,,,,,,,,,,,,,,,,,,,,,,,,,,,,,,,,,,,,,,,,,,,,,,,,,,,,,,,,,,,,,,,,,,,,,,,,,,,,,,,,,,,,,,,,,,,,,
high-end meat and seafood connoisseur,"[209387486654, datetime.datetime(2024, 3, 2, 21, 51, 28, 313000), 'load', '日式梅花燒肉片']","[209387486654, datetime.datetime(2024, 3, 2, 21, 53, 33, 132000), 'load', '究好味菇菇米10入自由選']","[209387486654, datetime.datetime(2024, 3, 2, 21, 54, 40, 234000), 'load', '樂活輕采花椰米']","[209387486654, datetime.datetime(2024, 3, 2, 21, 55, 48, 433000), 'load', '樂活輕采花椰米']","[209387486654, datetime.datetime(2024, 3, 2, 21, 58, 11, 336000), 'load', '鮮凍青花菜']","[209387486654, datetime.datetime(2024, 3, 2, 21, 58, 25, 602000), 'load', '鮮凍綜合蔬菜']","[209387486654, datetime.datetime(2024, 3, 2, 21, 59, 32, 607000), 'load', '愛上鮮蔬真料即食麵8入']","[209387486654, datetime.datetime(2024, 3, 2, 22, 0, 3, 424000), 'load', '愛上鮮蔬真料即食麵8入']","[209387486654, datetime.datetime(2024, 3, 2, 22, 0, 34, 730000), 'load', '招牌紅燒牛肉湯']","[209387486654, datetime.datetime(2024, 3, 2, 22, 3, 15, 665000), 'load', '舒肥櫻桃嫩鴨胸']","[209387486654, datetime.datetime(2024, 3, 2, 22, 5, 31, 340000), 'load', '一休精選 樂活輕采花椰米']","[209387486654, datetime.datetime(2024, 3, 2, 22, 6, 42, 169000), 'load', '一休精選 樂活輕采花椰米']","[209387486654, datetime.datetime(2024, 3, 2, 22, 7, 0, 522000), 'load', '樂活輕采花椰米']","[209387486654, datetime.datetime(2024, 3, 2, 22, 7, 53, 779000), 'load', '一休精選 樂活輕采花椰米']","[209387486654, datetime.datetime(2024, 3, 2, 22, 8, 35, 109000), 'load', '究好味菇菇米6入自由選']","[209387486654, datetime.datetime(2024, 3, 2, 22, 10, 51, 673000), 'load', '聖凱招牌牛肉麵6入自由選']","[209387486654, datetime.datetime(2024, 3, 2, 22, 11, 4, 272000), 'load', '聖凱招牌牛肉麵3入自由選']","[209387486654, datetime.datetime(2024, 3, 2, 22, 16, 19, 874000), 'purchase', '日式梅花燒肉片']","[209387486654, datetime.datetime(2024, 3, 2, 22, 16, 19, 874000), 'purchase', '鮮凍青花菜']","[209387486654, datetime.datetime(2024, 3, 2, 22, 16, 19, 874000), 'purchase', '鮮凍綜合蔬菜']","[209387486654, datetime.datetime(2024, 3, 2, 22, 16, 19, 874000), 'purchase', '招牌紅燒牛肉湯']","[209387486654, datetime.datetime(2024, 3, 2, 22, 16, 19, 874000), 'purchase', '一休精選 樂活輕采花椰米']",,,,,,,,,,,,,,,,,,,,,,,,,,,,,,,,,,,,,,,,,,,,,,,,,,,,,,,,,,,,,,,,,,,,,,,,,,,,,,,,,,,,,,,,,,,,,,,,,,,,,,
frugal meat lover,"[210490159258, datetime.datetime(2024, 3, 15, 16, 9, 19, 857000), 'load', '美澳紐超值福利牛肉']","[210490159258, datetime.datetime(2024, 3, 15, 16, 14, 8, 960000), 'purchase', '美澳紐超值福利牛肉']","[210490159258, datetime.datetime(2024, 3, 15, 16, 14, 8, 960000), 'purchase', '美式酥炸洋蔥圈']","[210490159258, datetime.datetime(2024, 3, 15, 16, 14, 8, 960000), 'purchase', '私房麻油粉肝']",,,,,,,,,,,,,,,,,,,,,,,,,,,,,,,,,,,,,,,,,,,,,,,,,,,,,,,,,,,,,,,,,,,,,,,,,,,,,,,,,,,,,,,,,,,,,,,,,,,,,,,,,,,,,,,,,,,,,,,,
high-end meat and seafood connoisseur,"[209616737317, datetime.datetime(2024, 3, 5, 13, 32, 19, 741000), 'load', '日式梅花燒肉片']","[209616737317, datetime.datetime(2024, 3, 5, 13, 33, 14, 769000), 'load', '日式梅花燒肉片']","[209616737317, datetime.datetime(2024, 3, 5, 13, 33, 42, 98000), 'load', '鮮嫩無骨雞腿排/單支裝']","[209616737317, datetime.datetime(2024, 3, 5, 13, 35, 4, 810000), 'load', '家庭號優鮮原味雞塊']","[209616737317, datetime.datetime(2024, 3, 5, 13, 40, 56, 369000), 'purchase', '日式梅花燒肉片']","[209616737317, datetime.datetime(2024, 3, 5, 13, 40, 56, 369000), 'purchase', '鮮嫩無骨雞腿排/單支裝']","[209616737317, datetime.datetime(2024, 3, 5, 13, 40, 56, 369000), 'purchase', '優鮮原味雞塊']",,,,,,,,,,,,,,,,,,,,,,,,,,,,,,,,,,,,,,,,,,,,,,,,,,,,,,,,,,,,,,,,,,,,,,,,,,,,,,,,,,,,,,,,,,,,,,,,,,,,,,,,,,,,,,,,,,,,,
frugal meat lover,"[209605610385, datetime.datetime(2024, 3, 5, 10, 26, 51, 678000), 'load', '日式梅花燒肉片']","[209605610385, datetime.datetime(2024, 3, 5, 10, 34, 1, 156000), 'load', '豪氣食堂台式芋頭炊粉湯']","[209605610385, datetime.datetime(2024, 3, 5, 10, 35, 1, 5000), 'load', '★☆鮮凍白花椰菜米☆★']","[209605610385, datetime.datetime(2024, 3, 5, 10, 35, 25, 239000), 'load', '鮮凍毛豆仁']","[209605610385, datetime.datetime(2024, 3, 5, 10, 40, 6, 187000), 'load', '原味海鹽舒肥嫩雞胸']","[209605610385, datetime.datetime(2024, 3, 5, 10, 42, 41, 462000), 'purchase', '日式梅花燒肉片']","[209605610385, datetime.datetime(2024, 3, 5, 10, 42, 41, 462000), 'purchase', '豪氣食堂台式芋頭炊粉湯']","[209605610385, datetime.datetime(2024, 3, 5, 10, 42, 41, 462000), 'purchase', '★☆鮮凍白花椰菜米☆★']","[209605610385, datetime.datetime(2024, 3, 5, 10, 42, 41, 462000), 'purchase', '鮮凍毛豆仁']","[209605610385, datetime.datetime(2024, 3, 5, 10, 42, 41, 462000), 'purchase', '原味海鹽舒肥嫩雞胸']",,,,,,,,,,,,,,,,,,,,,,,,,,,,,,,,,,,,,,,,,,,,,,,,,,,,,,,,,,,,,,,,,,,,,,,,,,,,,,,,,,,,,,,,,,,,,,,,,,,,,,,,,,,,,,,,,,
high-end meat and seafood connoisseur,"[199345396109, datetime.datetime(2023, 11, 7, 16, 26, 15, 989000), 'load', '台南無刺虱目魚肚']","[199345396109, datetime.datetime(2023, 11, 7, 16, 27, 31, 758000), 'load', '日式梅花燒肉片']","[199345396109, datetime.datetime(2023, 11, 7, 16, 27, 55, 595000), 'load', '黃金香酥旗魚塊']","[199345396109, datetime.datetime(2023, 11, 7, 16, 28, 25, 417000), 'load', '黃金香酥旗魚塊']","[199345396109, datetime.datetime(2023, 11, 7, 16, 28, 45, 650000), 'load', '鮮嫩無骨雞腿排/單支裝']","[199345396109, datetime.datetime(2023, 11, 7, 16, 29, 8, 927000), 'load', '鮮凍智利鮭魚菲力']","[199345396109, datetime.datetime(2023, 11, 7, 16, 29, 37, 61000), 'load', '日本A5和牛漢堡排單入任選']","[199345396109, datetime.datetime(2023, 11, 7, 16, 44, 30, 727000), 'load', '聖凱招牌牛肉麵10入自由選']","[199345396109, datetime.datetime(2023, 11, 7, 16, 45, 0, 752000), 'load', '日本A5和牛漢堡排(2入)']","[199345396109, datetime.datetime(2023, 11, 7, 16, 45, 36, 173000), 'load', '鮮嫩無骨雞腿排/單支裝']","[199345396109, datetime.datetime(2023, 11, 7, 16, 47, 39, 149000), 'load', '美澳紐超值福利牛肉']","[199345396109, datetime.datetime(2023, 11, 7, 16, 48, 9, 796000), 'load', '霜降骰子牛肉【買三送二】']","[199345396109, datetime.datetime(2023, 11, 7, 16, 48, 52, 730000), 'load', '【限量特賣】切段玉米筍']","[199345396109, datetime.datetime(2023, 11, 7, 16, 48, 59, 188000), 'load', '香酥雞腿排']","[199345396109, datetime.datetime(2023, 11, 7, 16, 52, 16, 193000), 'load', '鮮享虱目魚10入自由選']","[199345396109, datetime.datetime(2023, 11, 7, 16, 53, 5, 99000), 'load', '台南極鮮無刺虱目魚柳條']","[199345396109, datetime.datetime(2023, 11, 7, 16, 54, 3, 692000), 'load', '美國特選五花牛肉片']","[199345396109, datetime.datetime(2023, 11, 7, 16, 54, 24, 815000), 'load', '霜降骰子牛肉【買三送二】']","[199345396109, datetime.datetime(2023, 11, 7, 16, 55, 33, 649000), 'load', '美國特選五花牛肉片']","[199345396109, datetime.datetime(2023, 11, 7, 17, 1, 46, 121000), 'purchase', '黃金香酥旗魚塊']","[199345396109, datetime.datetime(2023, 11, 7, 17, 1, 46, 121000), 'purchase', '優鮮原味雞塊']","[199345396109, datetime.datetime(2023, 11, 7, 17, 1, 46, 121000), 'purchase', '台南無刺虱目魚肚']","[199345396109, datetime.datetime(2023, 11, 7, 17, 1, 46, 121000), 'purchase', '日式梅花燒肉片']","[199345396109, datetime.datetime(2023, 11, 7, 17, 1, 46, 121000), 'purchase', '鮮嫩無骨雞腿排/單支裝']","[199345396109, datetime.datetime(2023, 11, 7, 17, 1, 46, 121000), 'purchase', '香酥雞腿排']","[199345396109, datetime.datetime(2023, 11, 7, 17, 1, 46, 121000), 'purchase', '美國特選五花牛肉片']","[199345396109, datetime.datetime(2023, 11, 7, 17, 9, 25, 264000), 'purchase', '黃金香酥旗魚塊']","[199345396109, datetime.datetime(2023, 11, 7, 17, 9, 25, 264000), 'purchase', '日式梅花燒肉片']","[199345396109, datetime.datetime(2023, 11, 7, 17, 9, 25, 264000), 'purchase', '鮮嫩無骨雞腿排/單支裝']","[199345396109, datetime.datetime(2023, 11, 7, 17, 9, 25, 264000), 'purchase', '優鮮原味雞塊']","[199345396109, datetime.datetime(2023, 11, 7, 17, 9, 25, 264000), 'purchase', '台南無刺虱目魚肚']","[199345396109, datetime.datetime(2023, 11, 7, 17, 9, 25, 264000), 'purchase', '香酥雞腿排']","[199345396109, datetime.datetime(2023, 11, 7, 17, 9, 25, 264000), 'purchase', '美國特選五花牛肉片']",,,,,,,,,,,,,,,,,,,,,,,,,,,,,,,,,,,,,,,,,,,,,,,,,,,,,,,,,,,,,,,,,,,,,,,,,,,,,,,,,,,,,,,,,,,
high-end meat and seafood connoisseur,"[205424524770, datetime.datetime(2024, 1, 17, 1, 2, 5, 569000), 'load', '南方澳鮮撈無鹽鯖魚(2片)']","[205424524770, datetime.datetime(2024, 1, 17, 1, 18, 19, 252000), 'purchase', '南方澳鮮撈無鹽鯖魚(2片)']","[205424524770, datetime.datetime(2024, 1, 17, 1, 18, 19, 252000), 'purchase', '鮮嫩無骨雞腿排/單支裝']","[205424524770, datetime.datetime(2024, 1, 17, 1, 18, 19, 252000), 'purchase', '鮮凍秋葵']",,,,,,,,,,,,,,,,,,,,,,,,,,,,,,,,,,,,,,,,,,,,,,,,,,,,,,,,,,,,,,,,,,,,,,,,,,,,,,,,,,,,,,,,,,,,,,,,,,,,,,,,,,,,,,,,,,,,,,,,
community event shopper,"[204489156437, datetime.datetime(2024, 1, 6, 5, 13, 33, 58000), 'load', '豐禾小團聚']","[204489156437, datetime.datetime(2024, 1, 6, 5, 20, 19, 837000), 'purchase', '豐禾小團聚']",,,,,,,,,,,,,,,,,,,,,,,,,,,,,,,,,,,,,,,,,,,,,,,,,,,,,,,,,,,,,,,,,,,,,,,,,,,,,,,,,,,,,,,,,,,,,,,,,,,,,,,,,,,,,,,,,,,,,,,,,,
high-end meat and seafood connoisseur,"[211022384789, datetime.datetime(2024, 3, 21, 19, 59, 46, 574000), 'load', '金目鱸魚清肉排']","[211022384789, datetime.datetime(2024, 3, 21, 20, 0, 30, 247000), 'load', '鮮採冷凍泰國金枕頭榴槤 ']","[211022384789, datetime.datetime(2024, 3, 21, 20, 2, 45, 330000), 'load', '鮮採冷凍泰國金枕頭榴槤 ']","[211022384789, datetime.datetime(2024, 3, 21, 20, 4, 53, 250000), 'load', '金目鱸魚清肉排']","[211022384789, datetime.datetime(2024, 3, 21, 20, 5, 6, 570000), 'load', '金目鱸魚清肉排']","[211022384789, datetime.datetime(2024, 3, 21, 20, 6, 48, 713000), 'purchase', '鮮採冷凍泰國金枕頭榴槤 ']","[211022384789, datetime.datetime(2024, 3, 21, 20, 6, 48, 713000), 'purchase', '金目鱸魚清肉排']",,,,,,,,,,,,,,,,,,,,,,,,,,,,,,,,,,,,,,,,,,,,,,,,,,,,,,,,,,,,,,,,,,,,,,,,,,,,,,,,,,,,,,,,,,,,,,,,,,,,,,,,,,,,,,,,,,,,,
frugal meat lover,"[207903174019, datetime.datetime(2024, 2, 14, 17, 32, 58, 189000), 'load', '舒肥雞胸輕巧隨手包(20包)']","[207903174019, datetime.datetime(2024, 2, 14, 17, 40, 46, 495000), 'purchase', '舒肥雞胸輕巧隨手包(20包)']",,,,,,,,,,,,,,,,,,,,,,,,,,,,,,,,,,,,,,,,,,,,,,,,,,,,,,,,,,,,,,,,,,,,,,,,,,,,,,,,,,,,,,,,,,,,,,,,,,,,,,,,,,,,,,,,,,,,,,,,,,
frugal meat lover,"[210856573800, datetime.datetime(2024, 3, 19, 21, 56, 15, 700000), 'load', '香酥雞腿排']","[210856573800, datetime.datetime(2024, 3, 19, 22, 18, 59, 317000), 'load', '愛上鮮蔬真料即食麵8入']","[210856573800, datetime.datetime(2024, 3, 19, 22, 33, 51, 531000), 'purchase', '愛上鮮蔬真料即食麵8入']","[210856573800, datetime.datetime(2024, 3, 19, 22, 33, 51, 531000), 'purchase', '香酥雞腿排']","[210856573800, datetime.datetime(2024, 3, 19, 22, 33, 51, 531000), 'purchase', '蒜香鹽酥杏鮑菇']","[210856573800, datetime.datetime(2024, 3, 19, 22, 33, 51, 531000), 'purchase', '超值老饕霜降骰子牛肉']",,,,,,,,,,,,,,,,,,,,,,,,,,,,,,,,,,,,,,,,,,,,,,,,,,,,,,,,,,,,,,,,,,,,,,,,,,,,,,,,,,,,,,,,,,,,,,,,,,,,,,,,,,,,,,,,,,,,,,
seasonal fruit and vegetable buyer,"[200455673783, datetime.datetime(2023, 11, 20, 12, 47, 56, 312000), 'load', '特A級日本栗香地瓜']","[200455673783, datetime.datetime(2023, 11, 20, 12, 49, 17, 350000), 'load', '鮮凍青花菜']","[200455673783, datetime.datetime(2023, 11, 20, 12, 50, 2, 123000), 'load', '特A級日本栗香地瓜']","[200455673783, datetime.datetime(2023, 11, 20, 13, 3, 35, 123000), 'purchase', '特A級日本栗香地瓜']",,,,,,,,,,,,,,,,,,,,,,,,,,,,,,,,,,,,,,,,,,,,,,,,,,,,,,,,,,,,,,,,,,,,,,,,,,,,,,,,,,,,,,,,,,,,,,,,,,,,,,,,,,,,,,,,,,,,,,,,
high-end meat and seafood connoisseur,"[209554277660, datetime.datetime(2024, 3, 4, 20, 11, 18, 532000), 'load', '澎湖野生海菜']","[209554277660, datetime.datetime(2024, 3, 4, 20, 13, 57, 744000), 'load', '樂活輕采花椰米']","[209554277660, datetime.datetime(2024, 3, 4, 20, 14, 52, 147000), 'load', '飛虎魚炸魚塊']","[209554277660, datetime.datetime(2024, 3, 4, 20, 15, 46, 95000), 'load', '澎湖在地美食自由選(30包)']","[209554277660, datetime.datetime(2024, 3, 4, 20, 15, 51, 829000), 'load', '澎湖在地美食自由選(20包)']","[209554277660, datetime.datetime(2024, 3, 4, 20, 19, 45, 851000), 'purchase', '澎湖在地美食自由選(20包)']",,,,,,,,,,,,,,,,,,,,,,,,,,,,,,,,,,,,,,,,,,,,,,,,,,,,,,,,,,,,,,,,,,,,,,,,,,,,,,,,,,,,,,,,,,,,,,,,,,,,,,,,,,,,,,,,,,,,,,
high-end meat and seafood connoisseur,"[204967450487, datetime.datetime(2024, 1, 11, 18, 4, 16, 936000), 'load', '聖凱招牌牛肉麵6入自由選']","[204967450487, datetime.datetime(2024, 1, 11, 18, 5, 23, 271000), 'load', '聖凱招牌牛肉麵6入自由選']","[204967450487, datetime.datetime(2024, 1, 11, 18, 6, 14, 872000), 'load', '美國安格斯帶骨牛小排']","[204967450487, datetime.datetime(2024, 1, 11, 18, 7, 7, 287000), 'load', '聖凱招牌牛肉麵3入自由選']","[204967450487, datetime.datetime(2024, 1, 11, 18, 7, 33, 967000), 'load', '美國安格斯帶骨牛小排']","[204967450487, datetime.datetime(2024, 1, 11, 18, 8, 18, 291000), 'load', '美國頂級無骨牛小排']","[204967450487, datetime.datetime(2024, 1, 11, 18, 9, 23, 646000), 'load', '聖凱招牌牛肉麵3入自由選']","[204967450487, datetime.datetime(2024, 1, 11, 18, 10, 23, 405000), 'load', '美國頂級無骨牛小排']","[204967450487, datetime.datetime(2024, 1, 11, 18, 14, 55, 60000), 'purchase', '美國頂級無骨牛小排']",,,,,,,,,,,,,,,,,,,,,,,,,,,,,,,,,,,,,,,,,,,,,,,,,,,,,,,,,,,,,,,,,,,,,,,,,,,,,,,,,,,,,,,,,,,,,,,,,,,,,,,,,,,,,,,,,,,
high-end meat and seafood connoisseur,"[209012791649, datetime.datetime(2024, 2, 27, 13, 46, 34, 134000), 'load', '招牌香滷牛筋3入自由選']","[209012791649, datetime.datetime(2024, 2, 27, 14, 34, 22, 165000), 'purchase', '金目鱸魚清肉排']","[209012791649, datetime.datetime(2024, 2, 27, 14, 34, 22, 165000), 'purchase', '厚切大比目魚(扁鱈)']","[209012791649, datetime.datetime(2024, 2, 27, 14, 34, 22, 165000), 'purchase', '鮮凍智利鮭魚菲力']","[209012791649, datetime.datetime(2024, 2, 27, 14, 34, 22, 165000), 'purchase', '酒釀蒜香鹹豬肉']","[209012791649, datetime.datetime(2024, 2, 27, 14, 34, 22, 165000), 'purchase', '黃金脆皮地瓜薯條']","[209012791649, datetime.datetime(2024, 2, 27, 14, 34, 22, 165000), 'purchase', '宜蘭古早味肉羹']","[209012791649, datetime.datetime(2024, 2, 27, 14, 34, 22, 165000), 'purchase', '招牌香滷牛筋3入自由選']",,,,,,,,,,,,,,,,,,,,,,,,,,,,,,,,,,,,,,,,,,,,,,,,,,,,,,,,,,,,,,,,,,,,,,,,,,,,,,,,,,,,,,,,,,,,,,,,,,,,,,,,,,,,,,,,,,,,
luxury seafood enthusiast,"[206060423642, datetime.datetime(2024, 1, 24, 9, 40, 24, 824000), 'load', '醬漬一口鮑單入自由選']","[206060423642, datetime.datetime(2024, 1, 24, 9, 42, 21, 2000), 'load', '醬漬一口鮑單入自由選']","[206060423642, datetime.datetime(2024, 1, 24, 9, 43, 5, 580000), 'load', '醬漬一口鮑單入自由選']","[206060423642, datetime.datetime(2024, 1, 24, 9, 46, 2, 641000), 'purchase', '醬漬一口鮑單入自由選']",,,,,,,,,,,,,,,,,,,,,,,,,,,,,,,,,,,,,,,,,,,,,,,,,,,,,,,,,,,,,,,,,,,,,,,,,,,,,,,,,,,,,,,,,,,,,,,,,,,,,,,,,,,,,,,,,,,,,,,,
high-end meat and seafood connoisseur,"[206797815153, datetime.datetime(2024, 2, 1, 22, 30, 18, 586000), 'load', '日式梅花燒肉片']","[206797815153, datetime.datetime(2024, 2, 1, 22, 31, 45, 68000), 'load', '日式梅花燒肉片']","[206797815153, datetime.datetime(2024, 2, 1, 22, 32, 32, 77000), 'load', '日式梅花燒肉片']","[206797815153, datetime.datetime(2024, 2, 1, 22, 33, 0, 844000), 'load', '日式梅花燒肉片']","[206797815153, datetime.datetime(2024, 2, 1, 22, 37, 50, 875000), 'purchase', '日式梅花燒肉片']","[206797815153, datetime.datetime(2024, 2, 1, 22, 38, 11, 770000), 'purchase', '日式梅花燒肉片']",,,,,,,,,,,,,,,,,,,,,,,,,,,,,,,,,,,,,,,,,,,,,,,,,,,,,,,,,,,,,,,,,,,,,,,,,,,,,,,,,,,,,,,,,,,,,,,,,,,,,,,,,,,,,,,,,,,,,,
high-end meat and seafood connoisseur,"[205210314886, datetime.datetime(2024, 1, 14, 13, 31, 56, 741000), 'load', '醬漬一口鮑單入自由選']","[205210314886, datetime.datetime(2024, 1, 14, 13, 35, 26, 844000), 'load', '醬漬一口鮑單入自由選']","[205210314886, datetime.datetime(2024, 1, 14, 13, 43, 16, 937000), 'purchase', '醬漬一口鮑單入自由選']",,,,,,,,,,,,,,,,,,,,,,,,,,,,,,,,,,,,,,,,,,,,,,,,,,,,,,,,,,,,,,,,,,,,,,,,,,,,,,,,,,,,,,,,,,,,,,,,,,,,,,,,,,,,,,,,,,,,,,,,,
seasonal fruit and vegetable buyer,"[201133452725, datetime.datetime(2023, 11, 28, 9, 24, 38, 707000), 'load', '鮮採冷凍泰國金枕頭榴槤 ']","[201133452725, datetime.datetime(2023, 11, 28, 9, 34, 2, 428000), 'load', '一休精選 優鮮千張餃6入任選']","[201133452725, datetime.datetime(2023, 11, 28, 10, 8, 18, 143000), 'load', '橙蜜香小蕃茄']","[201133452725, datetime.datetime(2023, 11, 28, 10, 12, 47, 840000), 'purchase', '橙蜜香小蕃茄']","[201133452725, datetime.datetime(2023, 11, 28, 10, 54, 13, 209000), 'purchase', '甜蜜蜜砂糖橘']",,,,,,,,,,,,,,,,,,,,,,,,,,,,,,,,,,,,,,,,,,,,,,,,,,,,,,,,,,,,,,,,,,,,,,,,,,,,,,,,,,,,,,,,,,,,,,,,,,,,,,,,,,,,,,,,,,,,,,,
high-end meat and seafood connoisseur,"[208936849875, datetime.datetime(2024, 2, 26, 16, 40, 51, 333000), 'load', '日式梅花燒肉片']","[208936849875, datetime.datetime(2024, 2, 26, 16, 47, 7, 590000), 'purchase', '日式梅花燒肉片']","[208936849875, datetime.datetime(2024, 2, 26, 16, 47, 7, 590000), 'purchase', '私房麻油粉肝']",,,,,,,,,,,,,,,,,,,,,,,,,,,,,,,,,,,,,,,,,,,,,,,,,,,,,,,,,,,,,,,,,,,,,,,,,,,,,,,,,,,,,,,,,,,,,,,,,,,,,,,,,,,,,,,,,,,,,,,,,
seasonal fruit and vegetable buyer,"[211598223706, datetime.datetime(2024, 3, 28, 11, 57, 7, 929000), 'load', '鮮採冷凍泰國金枕頭榴槤 ']","[211598223706, datetime.datetime(2024, 3, 28, 11, 58, 18, 792000), 'load', '泰國進口冷凍山竹']","[211598223706, datetime.datetime(2024, 3, 28, 12, 2, 56, 885000), 'purchase', '鮮採冷凍泰國金枕頭榴槤 ']","[211598223706, datetime.datetime(2024, 3, 28, 12, 2, 56, 885000), 'purchase', '泰國進口冷凍山竹']",,,,,,,,,,,,,,,,,,,,,,,,,,,,,,,,,,,,,,,,,,,,,,,,,,,,,,,,,,,,,,,,,,,,,,,,,,,,,,,,,,,,,,,,,,,,,,,,,,,,,,,,,,,,,,,,,,,,,,,,
high-end meat and seafood connoisseur,"[211701282747, datetime.datetime(2024, 3, 29, 16, 34, 43, 956000), 'load', '南方澳鮮撈無鹽鯖魚(2片)']","[211701282747, datetime.datetime(2024, 3, 29, 16, 41, 51, 660000), 'purchase', '南方澳鮮撈無鹽鯖魚(2片)']",,,,,,,,,,,,,,,,,,,,,,,,,,,,,,,,,,,,,,,,,,,,,,,,,,,,,,,,,,,,,,,,,,,,,,,,,,,,,,,,,,,,,,,,,,,,,,,,,,,,,,,,,,,,,,,,,,,,,,,,,,
seasonal fruit and vegetable buyer,"[208521014330, datetime.datetime(2024, 2, 21, 21, 16, 26, 663000), 'load', '輕采養生藜麥毛豆']",,,,,,,,,,,,,,,,,,,,,,,,,,,,,,,,,,,,,,,,,,,,,,,,,,,,,,,,,,,,,,,,,,,,,,,,,,,,,,,,,,,,,,,,,,,,,,,,,,,,,,,,,,,,,,,,,,,,,,,,,,,
seasonal fruit and vegetable buyer,"[203469611472, datetime.datetime(2023, 12, 25, 10, 0, 12, 237000), 'load', '特選鮮採大湖草莓']","[203469611472, datetime.datetime(2023, 12, 25, 10, 2, 6, 750000), 'purchase', '特選鮮採大湖草莓']",,,,,,,,,,,,,,,,,,,,,,,,,,,,,,,,,,,,,,,,,,,,,,,,,,,,,,,,,,,,,,,,,,,,,,,,,,,,,,,,,,,,,,,,,,,,,,,,,,,,,,,,,,,,,,,,,,,,,,,,,,
high-end meat and seafood connoisseur,"[199925482319, datetime.datetime(2023, 11, 14, 9, 31, 25, 151000), 'load', '日本A5和牛漢堡排(2入)']","[199925482319, datetime.datetime(2023, 11, 14, 9, 33, 27, 370000), 'purchase', '日本A5和牛漢堡排(2入)']",,,,,,,,,,,,,,,,,,,,,,,,,,,,,,,,,,,,,,,,,,,,,,,,,,,,,,,,,,,,,,,,,,,,,,,,,,,,,,,,,,,,,,,,,,,,,,,,,,,,,,,,,,,,,,,,,,,,,,,,,,
high-end meat and seafood connoisseur,"[203508235973, datetime.datetime(2023, 12, 25, 20, 43, 57, 384000), 'load', '炭烤BBQ豬醬骨']","[203508235973, datetime.datetime(2023, 12, 25, 20, 48, 49, 256000), 'load', '日式梅花燒肉片']","[203508235973, datetime.datetime(2023, 12, 25, 20, 50, 41, 384000), 'load', '北海道嚴選鮮甜干貝']","[203508235973, datetime.datetime(2023, 12, 25, 21, 9, 1, 298000), 'purchase', '炭烤BBQ豬醬骨']",,,,,,,,,,,,,,,,,,,,,,,,,,,,,,,,,,,,,,,,,,,,,,,,,,,,,,,,,,,,,,,,,,,,,,,,,,,,,,,,,,,,,,,,,,,,,,,,,,,,,,,,,,,,,,,,,,,,,,,,
high-end meat and seafood connoisseur,"[209258926720, datetime.datetime(2024, 3, 1, 10, 9, 28, 88000), 'load', '私房麻油粉肝']","[209258926720, datetime.datetime(2024, 3, 1, 10, 18, 36, 879000), 'purchase', '私房麻油粉肝']","[209258926720, datetime.datetime(2024, 3, 1, 10, 18, 36, 879000), 'purchase', '黃金香酥旗魚塊']","[209258926720, datetime.datetime(2024, 3, 1, 10, 18, 36, 879000), 'purchase', '香酥雞腿排']",,,,,,,,,,,,,,,,,,,,,,,,,,,,,,,,,,,,,,,,,,,,,,,,,,,,,,,,,,,,,,,,,,,,,,,,,,,,,,,,,,,,,,,,,,,,,,,,,,,,,,,,,,,,,,,,,,,,,,,,
high-end meat and seafood connoisseur,"[208522465148, datetime.datetime(2024, 2, 21, 21, 35, 32, 549000), 'load', '聖凱招牌牛肉麵3入自由選']","[208522465148, datetime.datetime(2024, 2, 21, 21, 36, 52, 473000), 'load', '聖凱招牌牛肉麵6入自由選']","[208522465148, datetime.datetime(2024, 2, 21, 21, 37, 3, 378000), 'load', '聖凱招牌牛肉麵6入自由選']","[208522465148, datetime.datetime(2024, 2, 21, 21, 40, 7, 197000), 'load', '私房紅燒香滷牛筋']","[208522465148, datetime.datetime(2024, 2, 21, 21, 41, 31, 582000), 'load', '一休精選 鮮蔬即食麵12入']","[208522465148, datetime.datetime(2024, 2, 21, 21, 42, 37, 950000), 'load', '新興461-韓式泡菜軟骨肉']","[208522465148, datetime.datetime(2024, 2, 21, 21, 43, 48, 134000), 'load', '脆筍酸菜鴨']","[208522465148, datetime.datetime(2024, 2, 21, 21, 44, 58, 369000), 'load', '一休精選 濃湯6入自由選']","[208522465148, datetime.datetime(2024, 2, 21, 21, 45, 49, 886000), 'load', '日本A5和牛漢堡排(2入)']","[208522465148, datetime.datetime(2024, 2, 21, 21, 48, 19, 489000), 'load', '一休精選 優鮮千張餃6入任選']","[208522465148, datetime.datetime(2024, 2, 21, 21, 48, 33, 697000), 'load', '黃金手工月亮蝦餅']","[208522465148, datetime.datetime(2024, 2, 21, 21, 53, 15, 9000), 'purchase', '豪氣食堂台式芋頭炊粉湯']","[208522465148, datetime.datetime(2024, 2, 21, 21, 53, 15, 9000), 'purchase', '日本A5和牛漢堡排(2入)']","[208522465148, datetime.datetime(2024, 2, 21, 21, 53, 15, 9000), 'purchase', '黃金手工月亮蝦餅']","[208522465148, datetime.datetime(2024, 2, 21, 21, 53, 15, 9000), 'purchase', '一休精選 濃湯6入自由選']","[208522465148, datetime.datetime(2024, 2, 21, 21, 53, 15, 9000), 'purchase', '聖凱招牌牛肉麵6入自由選']",,,,,,,,,,,,,,,,,,,,,,,,,,,,,,,,,,,,,,,,,,,,,,,,,,,,,,,,,,,,,,,,,,,,,,,,,,,,,,,,,,,,,,,,,,,,,,,,,,,,,,,,,,,,
high-end meat and seafood connoisseur,"[199927234718, datetime.datetime(2023, 11, 14, 10, 0, 47, 415000), 'load', '金目鱸魚清肉排']","[199927234718, datetime.datetime(2023, 11, 14, 10, 4, 43, 104000), 'load', '老饕挪威薄鹽鯖魚']","[199927234718, datetime.datetime(2023, 11, 14, 10, 6, 9, 526000), 'load', '台灣薄鹽鯖魚']","[199927234718, datetime.datetime(2023, 11, 14, 10, 7, 6, 757000), 'load', '鮮凍智利鮭魚']","[199927234718, datetime.datetime(2023, 11, 14, 10, 8, 52, 63000), 'load', '鮮凍智利鮭魚']","[199927234718, datetime.datetime(2023, 11, 14, 10, 17, 22, 689000), 'load', '台南無刺虱目魚肚']","[199927234718, datetime.datetime(2023, 11, 14, 10, 28, 20, 773000), 'purchase', '金目鱸魚清肉排']","[199927234718, datetime.datetime(2023, 11, 14, 10, 28, 20, 773000), 'purchase', '老饕挪威薄鹽鯖魚']","[199927234718, datetime.datetime(2023, 11, 14, 10, 28, 20, 773000), 'purchase', '台南無刺虱目魚肚']",,,,,,,,,,,,,,,,,,,,,,,,,,,,,,,,,,,,,,,,,,,,,,,,,,,,,,,,,,,,,,,,,,,,,,,,,,,,,,,,,,,,,,,,,,,,,,,,,,,,,,,,,,,,,,,,,,,
seasonal fruit and vegetable buyer,"[209965663215, datetime.datetime(2024, 3, 9, 14, 27, 44, 367000), 'load', '泰國進口冷凍山竹']","[209965663215, datetime.datetime(2024, 3, 9, 14, 49, 25, 722000), 'load', '泰國進口冷凍山竹']","[209965663215, datetime.datetime(2024, 3, 9, 14, 49, 55, 730000), 'load', '泰國進口冷凍山竹']","[209965663215, datetime.datetime(2024, 3, 9, 14, 52, 21, 660000), 'purchase', '泰國進口冷凍山竹']",,,,,,,,,,,,,,,,,,,,,,,,,,,,,,,,,,,,,,,,,,,,,,,,,,,,,,,,,,,,,,,,,,,,,,,,,,,,,,,,,,,,,,,,,,,,,,,,,,,,,,,,,,,,,,,,,,,,,,,,
seasonal fruit and vegetable buyer,"[204259929806, datetime.datetime(2024, 1, 3, 13, 32, 12, 609000), 'load', '甜蜜蜜砂糖橘']","[204259929806, datetime.datetime(2024, 1, 3, 13, 38, 10, 119000), 'purchase', '甜蜜蜜砂糖橘']",,,,,,,,,,,,,,,,,,,,,,,,,,,,,,,,,,,,,,,,,,,,,,,,,,,,,,,,,,,,,,,,,,,,,,,,,,,,,,,,,,,,,,,,,,,,,,,,,,,,,,,,,,,,,,,,,,,,,,,,,,
high-end meat and seafood connoisseur,"[204982918574, datetime.datetime(2024, 1, 11, 22, 21, 59, 222000), 'load', '日式梅花燒肉片']","[204982918574, datetime.datetime(2024, 1, 11, 22, 29, 26, 464000), 'load', '日式梅花燒肉片']","[204982918574, datetime.datetime(2024, 1, 11, 22, 31, 46, 48000), 'load', '日式梅花燒肉片']","[204982918574, datetime.datetime(2024, 1, 11, 22, 38, 9, 594000), 'purchase', '日式梅花燒肉片']",,,,,,,,,,,,,,,,,,,,,,,,,,,,,,,,,,,,,,,,,,,,,,,,,,,,,,,,,,,,,,,,,,,,,,,,,,,,,,,,,,,,,,,,,,,,,,,,,,,,,,,,,,,,,,,,,,,,,,,,
community event shopper,"[204731850781, datetime.datetime(2024, 1, 9, 0, 37, 33, 678000), 'load', '喜迎春富賀歲宴']","[204731850781, datetime.datetime(2024, 1, 9, 0, 42, 4, 617000), 'purchase', '喜迎春富賀歲宴']",,,,,,,,,,,,,,,,,,,,,,,,,,,,,,,,,,,,,,,,,,,,,,,,,,,,,,,,,,,,,,,,,,,,,,,,,,,,,,,,,,,,,,,,,,,,,,,,,,,,,,,,,,,,,,,,,,,,,,,,,,
seasonal fruit and vegetable buyer,"[204677137665, datetime.datetime(2024, 1, 8, 9, 26, 37, 610000), 'load', '鮮採蜜風鈴蓮霧']","[204677137665, datetime.datetime(2024, 1, 8, 9, 28, 58, 549000), 'purchase', '鮮採蜜風鈴蓮霧']",,,,,,,,,,,,,,,,,,,,,,,,,,,,,,,,,,,,,,,,,,,,,,,,,,,,,,,,,,,,,,,,,,,,,,,,,,,,,,,,,,,,,,,,,,,,,,,,,,,,,,,,,,,,,,,,,,,,,,,,,,
high-end meat and seafood connoisseur,"[200148443446, datetime.datetime(2023, 11, 16, 23, 27, 25, 10000), 'load', '招牌紅燒牛肉湯']","[200148443446, datetime.datetime(2023, 11, 16, 23, 28, 21, 876000), 'load', '醬漬一口鮑單入自由選']","[200148443446, datetime.datetime(2023, 11, 16, 23, 28, 36, 138000), 'load', '招牌紅燒牛肉湯']","[200148443446, datetime.datetime(2023, 11, 16, 23, 31, 7, 848000), 'purchase', '招牌紅燒牛肉湯']",,,,,,,,,,,,,,,,,,,,,,,,,,,,,,,,,,,,,,,,,,,,,,,,,,,,,,,,,,,,,,,,,,,,,,,,,,,,,,,,,,,,,,,,,,,,,,,,,,,,,,,,,,,,,,,,,,,,,,,,
high-end meat and seafood connoisseur,"[209641616743, datetime.datetime(2024, 3, 5, 20, 26, 59, 569000), 'load', '美國安格斯帶骨牛小排']","[209641616743, datetime.datetime(2024, 3, 5, 20, 33, 8, 241000), 'purchase', '美國安格斯帶骨牛小排']",,,,,,,,,,,,,,,,,,,,,,,,,,,,,,,,,,,,,,,,,,,,,,,,,,,,,,,,,,,,,,,,,,,,,,,,,,,,,,,,,,,,,,,,,,,,,,,,,,,,,,,,,,,,,,,,,,,,,,,,,,
high-end meat and seafood connoisseur,"[204424060534, datetime.datetime(2024, 1, 5, 11, 8, 4, 184000), 'load', '日式梅花燒肉片']","[204424060534, datetime.datetime(2024, 1, 5, 11, 8, 58, 797000), 'load', '西班牙手切伊比利松阪豬']","[204424060534, datetime.datetime(2024, 1, 5, 11, 10, 37, 612000), 'load', '聖凱招牌牛肉麵6入自由選']","[204424060534, datetime.datetime(2024, 1, 5, 11, 11, 15, 759000), 'load', '嫩煎古早味鐵路排骨']","[204424060534, datetime.datetime(2024, 1, 5, 11, 14, 1, 550000), 'load', '極品無骨嫩豬排5入自由選']","[204424060534, datetime.datetime(2024, 1, 5, 11, 15, 45, 984000), 'load', '黃金手工月亮蝦餅']","[204424060534, datetime.datetime(2024, 1, 5, 11, 27, 23, 471000), 'load', '特選鮮採大湖草莓']","[204424060534, datetime.datetime(2024, 1, 5, 11, 27, 40, 565000), 'load', '【限量特賣】古早味豬肉']","[204424060534, datetime.datetime(2024, 1, 5, 11, 29, 41, 262000), 'purchase', '日式梅花燒肉片']","[204424060534, datetime.datetime(2024, 1, 5, 11, 29, 41, 262000), 'purchase', '嫩煎古早味鐵路排骨']",,,,,,,,,,,,,,,,,,,,,,,,,,,,,,,,,,,,,,,,,,,,,,,,,,,,,,,,,,,,,,,,,,,,,,,,,,,,,,,,,,,,,,,,,,,,,,,,,,,,,,,,,,,,,,,,,,
